,country_region,continent,population,date,month,day,confirmed,deaths,death / 100.000 hab,recovered,active,new cases,new deaths
6,Argentina,South America,45236884.0,2020-01-22,1,22,0,0,0.0,0,0,0,0
47,Chile,South America,19132514.0,2020-01-22,1,22,0,0,0.0,0,0,0,0
95,Ecuador,South America,17668824.0,2020-01-22,1,22,0,0,0.0,0,0,0,0
156,Mexico,North America,129066160.0,2020-01-22,1,22,0,0,0.0,0,0,0,0
199,Spain,Europe,46756648.0,2020-01-22,1,22,0,0,0.0,0,0,0,0
267,Argentina,South America,45236884.0,2020-01-23,1,23,0,0,0.0,0,0,0,0
308,Chile,South America,19132514.0,2020-01-23,1,23,0,0,0.0,0,0,0,0
356,Ecuador,South America,17668824.0,2020-01-23,1,23,0,0,0.0,0,0,0,0
417,Mexico,North America,129066160.0,2020-01-23,1,23,0,0,0.0,0,0,0,0
460,Spain,Europe,46756648.0,2020-01-23,1,23,0,0,0.0,0,0,0,0
528,Argentina,South America,45236884.0,2020-01-24,1,24,0,0,0.0,0,0,0,0
569,Chile,South America,19132514.0,2020-01-24,1,24,0,0,0.0,0,0,0,0
617,Ecuador,South America,17668824.0,2020-01-24,1,24,0,0,0.0,0,0,0,0
678,Mexico,North America,129066160.0,2020-01-24,1,24,0,0,0.0,0,0,0,0
721,Spain,Europe,46756648.0,2020-01-24,1,24,0,0,0.0,0,0,0,0
789,Argentina,South America,45236884.0,2020-01-25,1,25,0,0,0.0,0,0,0,0
830,Chile,South America,19132514.0,2020-01-25,1,25,0,0,0.0,0,0,0,0
878,Ecuador,South America,17668824.0,2020-01-25,1,25,0,0,0.0,0,0,0,0
939,Mexico,North America,129066160.0,2020-01-25,1,25,0,0,0.0,0,0,0,0
982,Spain,Europe,46756648.0,2020-01-25,1,25,0,0,0.0,0,0,0,0
1050,Argentina,South America,45236884.0,2020-01-26,1,26,0,0,0.0,0,0,0,0
1091,Chile,South America,19132514.0,2020-01-26,1,26,0,0,0.0,0,0,0,0
1139,Ecuador,South America,17668824.0,2020-01-26,1,26,0,0,0.0,0,0,0,0
1200,Mexico,North America,129066160.0,2020-01-26,1,26,0,0,0.0,0,0,0,0
1243,Spain,Europe,46756648.0,2020-01-26,1,26,0,0,0.0,0,0,0,0
1311,Argentina,South America,45236884.0,2020-01-27,1,27,0,0,0.0,0,0,0,0
1352,Chile,South America,19132514.0,2020-01-27,1,27,0,0,0.0,0,0,0,0
1400,Ecuador,South America,17668824.0,2020-01-27,1,27,0,0,0.0,0,0,0,0
1461,Mexico,North America,129066160.0,2020-01-27,1,27,0,0,0.0,0,0,0,0
1504,Spain,Europe,46756648.0,2020-01-27,1,27,0,0,0.0,0,0,0,0
1572,Argentina,South America,45236884.0,2020-01-28,1,28,0,0,0.0,0,0,0,0
1613,Chile,South America,19132514.0,2020-01-28,1,28,0,0,0.0,0,0,0,0
1661,Ecuador,South America,17668824.0,2020-01-28,1,28,0,0,0.0,0,0,0,0
1722,Mexico,North America,129066160.0,2020-01-28,1,28,0,0,0.0,0,0,0,0
1765,Spain,Europe,46756648.0,2020-01-28,1,28,0,0,0.0,0,0,0,0
1833,Argentina,South America,45236884.0,2020-01-29,1,29,0,0,0.0,0,0,0,0
1874,Chile,South America,19132514.0,2020-01-29,1,29,0,0,0.0,0,0,0,0
1922,Ecuador,South America,17668824.0,2020-01-29,1,29,0,0,0.0,0,0,0,0
1983,Mexico,North America,129066160.0,2020-01-29,1,29,0,0,0.0,0,0,0,0
2026,Spain,Europe,46756648.0,2020-01-29,1,29,0,0,0.0,0,0,0,0
2094,Argentina,South America,45236884.0,2020-01-30,1,30,0,0,0.0,0,0,0,0
2135,Chile,South America,19132514.0,2020-01-30,1,30,0,0,0.0,0,0,0,0
2183,Ecuador,South America,17668824.0,2020-01-30,1,30,0,0,0.0,0,0,0,0
2244,Mexico,North America,129066160.0,2020-01-30,1,30,0,0,0.0,0,0,0,0
2287,Spain,Europe,46756648.0,2020-01-30,1,30,0,0,0.0,0,0,0,0
2355,Argentina,South America,45236884.0,2020-01-31,1,31,0,0,0.0,0,0,0,0
2396,Chile,South America,19132514.0,2020-01-31,1,31,0,0,0.0,0,0,0,0
2444,Ecuador,South America,17668824.0,2020-01-31,1,31,0,0,0.0,0,0,0,0
2505,Mexico,North America,129066160.0,2020-01-31,1,31,0,0,0.0,0,0,0,0
2548,Spain,Europe,46756648.0,2020-01-31,1,31,0,0,0.0,0,0,0,0
2616,Argentina,South America,45236884.0,2020-02-01,2,1,0,0,0.0,0,0,0,0
2657,Chile,South America,19132514.0,2020-02-01,2,1,0,0,0.0,0,0,0,0
2705,Ecuador,South America,17668824.0,2020-02-01,2,1,0,0,0.0,0,0,0,0
2766,Mexico,North America,129066160.0,2020-02-01,2,1,0,0,0.0,0,0,0,0
2809,Spain,Europe,46756648.0,2020-02-01,2,1,1,0,0.0,0,1,1,0
2877,Argentina,South America,45236884.0,2020-02-02,2,2,0,0,0.0,0,0,0,0
2918,Chile,South America,19132514.0,2020-02-02,2,2,0,0,0.0,0,0,0,0
2966,Ecuador,South America,17668824.0,2020-02-02,2,2,0,0,0.0,0,0,0,0
3027,Mexico,North America,129066160.0,2020-02-02,2,2,0,0,0.0,0,0,0,0
3070,Spain,Europe,46756648.0,2020-02-02,2,2,1,0,0.0,0,1,0,0
3138,Argentina,South America,45236884.0,2020-02-03,2,3,0,0,0.0,0,0,0,0
3179,Chile,South America,19132514.0,2020-02-03,2,3,0,0,0.0,0,0,0,0
3227,Ecuador,South America,17668824.0,2020-02-03,2,3,0,0,0.0,0,0,0,0
3288,Mexico,North America,129066160.0,2020-02-03,2,3,0,0,0.0,0,0,0,0
3331,Spain,Europe,46756648.0,2020-02-03,2,3,1,0,0.0,0,1,0,0
3399,Argentina,South America,45236884.0,2020-02-04,2,4,0,0,0.0,0,0,0,0
3440,Chile,South America,19132514.0,2020-02-04,2,4,0,0,0.0,0,0,0,0
3488,Ecuador,South America,17668824.0,2020-02-04,2,4,0,0,0.0,0,0,0,0
3549,Mexico,North America,129066160.0,2020-02-04,2,4,0,0,0.0,0,0,0,0
3592,Spain,Europe,46756648.0,2020-02-04,2,4,1,0,0.0,0,1,0,0
3660,Argentina,South America,45236884.0,2020-02-05,2,5,0,0,0.0,0,0,0,0
3701,Chile,South America,19132514.0,2020-02-05,2,5,0,0,0.0,0,0,0,0
3749,Ecuador,South America,17668824.0,2020-02-05,2,5,0,0,0.0,0,0,0,0
3810,Mexico,North America,129066160.0,2020-02-05,2,5,0,0,0.0,0,0,0,0
3853,Spain,Europe,46756648.0,2020-02-05,2,5,1,0,0.0,0,1,0,0
3921,Argentina,South America,45236884.0,2020-02-06,2,6,0,0,0.0,0,0,0,0
3962,Chile,South America,19132514.0,2020-02-06,2,6,0,0,0.0,0,0,0,0
4010,Ecuador,South America,17668824.0,2020-02-06,2,6,0,0,0.0,0,0,0,0
4071,Mexico,North America,129066160.0,2020-02-06,2,6,0,0,0.0,0,0,0,0
4114,Spain,Europe,46756648.0,2020-02-06,2,6,1,0,0.0,0,1,0,0
4182,Argentina,South America,45236884.0,2020-02-07,2,7,0,0,0.0,0,0,0,0
4223,Chile,South America,19132514.0,2020-02-07,2,7,0,0,0.0,0,0,0,0
4271,Ecuador,South America,17668824.0,2020-02-07,2,7,0,0,0.0,0,0,0,0
4332,Mexico,North America,129066160.0,2020-02-07,2,7,0,0,0.0,0,0,0,0
4375,Spain,Europe,46756648.0,2020-02-07,2,7,1,0,0.0,0,1,0,0
4443,Argentina,South America,45236884.0,2020-02-08,2,8,0,0,0.0,0,0,0,0
4484,Chile,South America,19132514.0,2020-02-08,2,8,0,0,0.0,0,0,0,0
4532,Ecuador,South America,17668824.0,2020-02-08,2,8,0,0,0.0,0,0,0,0
4593,Mexico,North America,129066160.0,2020-02-08,2,8,0,0,0.0,0,0,0,0
4636,Spain,Europe,46756648.0,2020-02-08,2,8,1,0,0.0,0,1,0,0
4704,Argentina,South America,45236884.0,2020-02-09,2,9,0,0,0.0,0,0,0,0
4745,Chile,South America,19132514.0,2020-02-09,2,9,0,0,0.0,0,0,0,0
4793,Ecuador,South America,17668824.0,2020-02-09,2,9,0,0,0.0,0,0,0,0
4854,Mexico,North America,129066160.0,2020-02-09,2,9,0,0,0.0,0,0,0,0
4897,Spain,Europe,46756648.0,2020-02-09,2,9,2,0,0.0,0,2,1,0
4965,Argentina,South America,45236884.0,2020-02-10,2,10,0,0,0.0,0,0,0,0
5006,Chile,South America,19132514.0,2020-02-10,2,10,0,0,0.0,0,0,0,0
5054,Ecuador,South America,17668824.0,2020-02-10,2,10,0,0,0.0,0,0,0,0
5115,Mexico,North America,129066160.0,2020-02-10,2,10,0,0,0.0,0,0,0,0
5158,Spain,Europe,46756648.0,2020-02-10,2,10,2,0,0.0,0,2,0,0
5226,Argentina,South America,45236884.0,2020-02-11,2,11,0,0,0.0,0,0,0,0
5267,Chile,South America,19132514.0,2020-02-11,2,11,0,0,0.0,0,0,0,0
5315,Ecuador,South America,17668824.0,2020-02-11,2,11,0,0,0.0,0,0,0,0
5376,Mexico,North America,129066160.0,2020-02-11,2,11,0,0,0.0,0,0,0,0
5419,Spain,Europe,46756648.0,2020-02-11,2,11,2,0,0.0,0,2,0,0
5487,Argentina,South America,45236884.0,2020-02-12,2,12,0,0,0.0,0,0,0,0
5528,Chile,South America,19132514.0,2020-02-12,2,12,0,0,0.0,0,0,0,0
5576,Ecuador,South America,17668824.0,2020-02-12,2,12,0,0,0.0,0,0,0,0
5637,Mexico,North America,129066160.0,2020-02-12,2,12,0,0,0.0,0,0,0,0
5680,Spain,Europe,46756648.0,2020-02-12,2,12,2,0,0.0,0,2,0,0
5748,Argentina,South America,45236884.0,2020-02-13,2,13,0,0,0.0,0,0,0,0
5789,Chile,South America,19132514.0,2020-02-13,2,13,0,0,0.0,0,0,0,0
5837,Ecuador,South America,17668824.0,2020-02-13,2,13,0,0,0.0,0,0,0,0
5898,Mexico,North America,129066160.0,2020-02-13,2,13,0,0,0.0,0,0,0,0
5941,Spain,Europe,46756648.0,2020-02-13,2,13,2,0,0.0,0,2,0,0
6009,Argentina,South America,45236884.0,2020-02-14,2,14,0,0,0.0,0,0,0,0
6050,Chile,South America,19132514.0,2020-02-14,2,14,0,0,0.0,0,0,0,0
6098,Ecuador,South America,17668824.0,2020-02-14,2,14,0,0,0.0,0,0,0,0
6159,Mexico,North America,129066160.0,2020-02-14,2,14,0,0,0.0,0,0,0,0
6202,Spain,Europe,46756648.0,2020-02-14,2,14,2,0,0.0,0,2,0,0
6270,Argentina,South America,45236884.0,2020-02-15,2,15,0,0,0.0,0,0,0,0
6311,Chile,South America,19132514.0,2020-02-15,2,15,0,0,0.0,0,0,0,0
6359,Ecuador,South America,17668824.0,2020-02-15,2,15,0,0,0.0,0,0,0,0
6420,Mexico,North America,129066160.0,2020-02-15,2,15,0,0,0.0,0,0,0,0
6463,Spain,Europe,46756648.0,2020-02-15,2,15,2,0,0.0,2,0,0,0
6531,Argentina,South America,45236884.0,2020-02-16,2,16,0,0,0.0,0,0,0,0
6572,Chile,South America,19132514.0,2020-02-16,2,16,0,0,0.0,0,0,0,0
6620,Ecuador,South America,17668824.0,2020-02-16,2,16,0,0,0.0,0,0,0,0
6681,Mexico,North America,129066160.0,2020-02-16,2,16,0,0,0.0,0,0,0,0
6724,Spain,Europe,46756648.0,2020-02-16,2,16,2,0,0.0,2,0,0,0
6792,Argentina,South America,45236884.0,2020-02-17,2,17,0,0,0.0,0,0,0,0
6833,Chile,South America,19132514.0,2020-02-17,2,17,0,0,0.0,0,0,0,0
6881,Ecuador,South America,17668824.0,2020-02-17,2,17,0,0,0.0,0,0,0,0
6942,Mexico,North America,129066160.0,2020-02-17,2,17,0,0,0.0,0,0,0,0
6985,Spain,Europe,46756648.0,2020-02-17,2,17,2,0,0.0,2,0,0,0
7053,Argentina,South America,45236884.0,2020-02-18,2,18,0,0,0.0,0,0,0,0
7094,Chile,South America,19132514.0,2020-02-18,2,18,0,0,0.0,0,0,0,0
7142,Ecuador,South America,17668824.0,2020-02-18,2,18,0,0,0.0,0,0,0,0
7203,Mexico,North America,129066160.0,2020-02-18,2,18,0,0,0.0,0,0,0,0
7246,Spain,Europe,46756648.0,2020-02-18,2,18,2,0,0.0,2,0,0,0
7314,Argentina,South America,45236884.0,2020-02-19,2,19,0,0,0.0,0,0,0,0
7355,Chile,South America,19132514.0,2020-02-19,2,19,0,0,0.0,0,0,0,0
7403,Ecuador,South America,17668824.0,2020-02-19,2,19,0,0,0.0,0,0,0,0
7464,Mexico,North America,129066160.0,2020-02-19,2,19,0,0,0.0,0,0,0,0
7507,Spain,Europe,46756648.0,2020-02-19,2,19,2,0,0.0,2,0,0,0
7575,Argentina,South America,45236884.0,2020-02-20,2,20,0,0,0.0,0,0,0,0
7616,Chile,South America,19132514.0,2020-02-20,2,20,0,0,0.0,0,0,0,0
7664,Ecuador,South America,17668824.0,2020-02-20,2,20,0,0,0.0,0,0,0,0
7725,Mexico,North America,129066160.0,2020-02-20,2,20,0,0,0.0,0,0,0,0
7768,Spain,Europe,46756648.0,2020-02-20,2,20,2,0,0.0,2,0,0,0
7836,Argentina,South America,45236884.0,2020-02-21,2,21,0,0,0.0,0,0,0,0
7877,Chile,South America,19132514.0,2020-02-21,2,21,0,0,0.0,0,0,0,0
7925,Ecuador,South America,17668824.0,2020-02-21,2,21,0,0,0.0,0,0,0,0
7986,Mexico,North America,129066160.0,2020-02-21,2,21,0,0,0.0,0,0,0,0
8029,Spain,Europe,46756648.0,2020-02-21,2,21,2,0,0.0,2,0,0,0
8097,Argentina,South America,45236884.0,2020-02-22,2,22,0,0,0.0,0,0,0,0
8138,Chile,South America,19132514.0,2020-02-22,2,22,0,0,0.0,0,0,0,0
8186,Ecuador,South America,17668824.0,2020-02-22,2,22,0,0,0.0,0,0,0,0
8247,Mexico,North America,129066160.0,2020-02-22,2,22,0,0,0.0,0,0,0,0
8290,Spain,Europe,46756648.0,2020-02-22,2,22,2,0,0.0,2,0,0,0
8358,Argentina,South America,45236884.0,2020-02-23,2,23,0,0,0.0,0,0,0,0
8399,Chile,South America,19132514.0,2020-02-23,2,23,2,0,0.0,0,2,2,0
8447,Ecuador,South America,17668824.0,2020-02-23,2,23,0,0,0.0,0,0,0,0
8508,Mexico,North America,129066160.0,2020-02-23,2,23,0,0,0.0,0,0,0,0
8551,Spain,Europe,46756648.0,2020-02-23,2,23,2,0,0.0,2,0,0,0
8619,Argentina,South America,45236884.0,2020-02-24,2,24,0,0,0.0,0,0,0,0
8660,Chile,South America,19132514.0,2020-02-24,2,24,2,0,0.0,0,2,0,0
8708,Ecuador,South America,17668824.0,2020-02-24,2,24,0,0,0.0,0,0,0,0
8769,Mexico,North America,129066160.0,2020-02-24,2,24,0,0,0.0,0,0,0,0
8812,Spain,Europe,46756648.0,2020-02-24,2,24,2,0,0.0,2,0,0,0
8880,Argentina,South America,45236884.0,2020-02-25,2,25,0,0,0.0,0,0,0,0
8921,Chile,South America,19132514.0,2020-02-25,2,25,2,0,0.0,0,2,0,0
8969,Ecuador,South America,17668824.0,2020-02-25,2,25,0,0,0.0,0,0,0,0
9030,Mexico,North America,129066160.0,2020-02-25,2,25,0,0,0.0,0,0,0,0
9073,Spain,Europe,46756648.0,2020-02-25,2,25,6,0,0.0,2,4,4,0
9141,Argentina,South America,45236884.0,2020-02-26,2,26,0,0,0.0,0,0,0,0
9182,Chile,South America,19132514.0,2020-02-26,2,26,2,0,0.0,0,2,0,0
9230,Ecuador,South America,17668824.0,2020-02-26,2,26,0,0,0.0,0,0,0,0
9291,Mexico,North America,129066160.0,2020-02-26,2,26,0,0,0.0,0,0,0,0
9334,Spain,Europe,46756648.0,2020-02-26,2,26,13,0,0.0,2,11,7,0
9402,Argentina,South America,45236884.0,2020-02-27,2,27,0,0,0.0,0,0,0,0
9443,Chile,South America,19132514.0,2020-02-27,2,27,2,0,0.0,0,2,0,0
9491,Ecuador,South America,17668824.0,2020-02-27,2,27,0,0,0.0,0,0,0,0
9552,Mexico,North America,129066160.0,2020-02-27,2,27,0,0,0.0,0,0,0,0
9595,Spain,Europe,46756648.0,2020-02-27,2,27,15,0,0.0,2,13,2,0
9663,Argentina,South America,45236884.0,2020-02-28,2,28,0,0,0.0,0,0,0,0
9704,Chile,South America,19132514.0,2020-02-28,2,28,2,0,0.0,0,2,0,0
9752,Ecuador,South America,17668824.0,2020-02-28,2,28,0,0,0.0,0,0,0,0
9813,Mexico,North America,129066160.0,2020-02-28,2,28,1,0,0.0,0,1,1,0
9856,Spain,Europe,46756648.0,2020-02-28,2,28,32,0,0.0,2,30,17,0
9924,Argentina,South America,45236884.0,2020-02-29,2,29,0,0,0.0,0,0,0,0
9965,Chile,South America,19132514.0,2020-02-29,2,29,2,0,0.0,0,2,0,0
10013,Ecuador,South America,17668824.0,2020-02-29,2,29,0,0,0.0,0,0,0,0
10074,Mexico,North America,129066160.0,2020-02-29,2,29,4,0,0.0,0,4,3,0
10117,Spain,Europe,46756648.0,2020-02-29,2,29,45,0,0.0,2,43,13,0
10185,Argentina,South America,45236884.0,2020-03-01,3,1,0,0,0.0,0,0,0,0
10226,Chile,South America,19132514.0,2020-03-01,3,1,9,0,0.0,0,9,7,0
10274,Ecuador,South America,17668824.0,2020-03-01,3,1,6,0,0.0,0,6,6,0
10335,Mexico,North America,129066160.0,2020-03-01,3,1,5,0,0.0,0,5,1,0
10378,Spain,Europe,46756648.0,2020-03-01,3,1,84,0,0.0,2,82,39,0
10446,Argentina,South America,45236884.0,2020-03-02,3,2,0,0,0.0,0,0,0,0
10487,Chile,South America,19132514.0,2020-03-02,3,2,9,0,0.0,0,9,0,0
10535,Ecuador,South America,17668824.0,2020-03-02,3,2,6,0,0.0,0,6,0,0
10596,Mexico,North America,129066160.0,2020-03-02,3,2,5,0,0.0,0,5,0,0
10639,Spain,Europe,46756648.0,2020-03-02,3,2,120,0,0.0,2,118,36,0
10707,Argentina,South America,45236884.0,2020-03-03,3,3,1,0,0.0,0,1,1,0
10748,Chile,South America,19132514.0,2020-03-03,3,3,10,0,0.0,0,10,1,0
10796,Ecuador,South America,17668824.0,2020-03-03,3,3,7,0,0.0,0,7,1,0
10857,Mexico,North America,129066160.0,2020-03-03,3,3,5,0,0.0,1,4,0,0
10900,Spain,Europe,46756648.0,2020-03-03,3,3,165,1,0.002138733298417799,2,162,45,1
10968,Argentina,South America,45236884.0,2020-03-04,3,4,1,0,0.0,0,1,0,0
11009,Chile,South America,19132514.0,2020-03-04,3,4,10,0,0.0,0,10,0,0
11057,Ecuador,South America,17668824.0,2020-03-04,3,4,10,0,0.0,0,10,3,0
11118,Mexico,North America,129066160.0,2020-03-04,3,4,5,0,0.0,1,4,0,0
11161,Spain,Europe,46756648.0,2020-03-04,3,4,222,2,0.004277466596835598,2,218,57,1
11229,Argentina,South America,45236884.0,2020-03-05,3,5,1,0,0.0,0,1,0,0
11270,Chile,South America,19132514.0,2020-03-05,3,5,13,0,0.0,0,13,3,0
11318,Ecuador,South America,17668824.0,2020-03-05,3,5,13,0,0.0,0,13,3,0
11379,Mexico,North America,129066160.0,2020-03-05,3,5,5,0,0.0,1,4,0,0
11422,Spain,Europe,46756648.0,2020-03-05,3,5,259,3,0.006416199895253398,2,254,37,1
11490,Argentina,South America,45236884.0,2020-03-06,3,6,2,0,0.0,0,2,1,0
11531,Chile,South America,19132514.0,2020-03-06,3,6,13,0,0.0,0,13,0,0
11579,Ecuador,South America,17668824.0,2020-03-06,3,6,13,0,0.0,0,13,0,0
11640,Mexico,North America,129066160.0,2020-03-06,3,6,6,0,0.0,1,5,1,0
11683,Spain,Europe,46756648.0,2020-03-06,3,6,400,5,0.010693666492088997,2,393,141,2
11751,Argentina,South America,45236884.0,2020-03-07,3,7,8,0,0.0,0,8,6,0
11792,Chile,South America,19132514.0,2020-03-07,3,7,13,0,0.0,0,13,0,0
11840,Ecuador,South America,17668824.0,2020-03-07,3,7,13,0,0.0,0,13,0,0
11901,Mexico,North America,129066160.0,2020-03-07,3,7,6,0,0.0,1,5,0,0
11944,Spain,Europe,46756648.0,2020-03-07,3,7,500,10,0.021387332984177995,30,460,100,5
12012,Argentina,South America,45236884.0,2020-03-08,3,8,12,1,0.0022105855036346003,0,11,4,1
12053,Chile,South America,19132514.0,2020-03-08,3,8,20,0,0.0,0,20,7,0
12101,Ecuador,South America,17668824.0,2020-03-08,3,8,14,0,0.0,0,14,1,0
12162,Mexico,North America,129066160.0,2020-03-08,3,8,7,0,0.0,1,6,1,0
12205,Spain,Europe,46756648.0,2020-03-08,3,8,673,17,0.03635846607310259,30,626,173,7
12273,Argentina,South America,45236884.0,2020-03-09,3,9,12,1,0.0022105855036346003,0,11,0,0
12314,Chile,South America,19132514.0,2020-03-09,3,9,20,0,0.0,0,20,0,0
12362,Ecuador,South America,17668824.0,2020-03-09,3,9,15,0,0.0,0,15,1,0
12423,Mexico,North America,129066160.0,2020-03-09,3,9,7,0,0.0,1,6,0,0
12466,Spain,Europe,46756648.0,2020-03-09,3,9,1073,28,0.059884532355698385,32,1013,400,11
12534,Argentina,South America,45236884.0,2020-03-10,3,10,17,1,0.0022105855036346003,0,16,5,0
12575,Chile,South America,19132514.0,2020-03-10,3,10,25,0,0.0,0,25,5,0
12623,Ecuador,South America,17668824.0,2020-03-10,3,10,15,0,0.0,0,15,0,0
12684,Mexico,North America,129066160.0,2020-03-10,3,10,7,0,0.0,4,3,0,0
12727,Spain,Europe,46756648.0,2020-03-10,3,10,1695,35,0.07485566544462298,32,1628,622,7
12795,Argentina,South America,45236884.0,2020-03-11,3,11,19,1,0.0022105855036346003,0,18,2,0
12836,Chile,South America,19132514.0,2020-03-11,3,11,35,0,0.0,0,35,10,0
12884,Ecuador,South America,17668824.0,2020-03-11,3,11,17,0,0.0,0,17,2,0
12945,Mexico,North America,129066160.0,2020-03-11,3,11,8,0,0.0,4,4,1,0
12988,Spain,Europe,46756648.0,2020-03-11,3,11,2277,54,0.11549159811456118,183,2040,582,19
13056,Argentina,South America,45236884.0,2020-03-12,3,12,19,1,0.0022105855036346003,0,18,0,0
13097,Chile,South America,19132514.0,2020-03-12,3,12,35,0,0.0,0,35,0,0
13145,Ecuador,South America,17668824.0,2020-03-12,3,12,17,0,0.0,0,17,0,0
13206,Mexico,North America,129066160.0,2020-03-12,3,12,12,0,0.0,4,8,4,0
13249,Spain,Europe,46756648.0,2020-03-12,3,12,2277,55,0.11763033141297896,183,2039,0,1
13317,Argentina,South America,45236884.0,2020-03-13,3,13,31,2,0.004421171007269201,0,29,12,1
13358,Chile,South America,19132514.0,2020-03-13,3,13,55,0,0.0,0,55,20,0
13406,Ecuador,South America,17668824.0,2020-03-13,3,13,17,0,0.0,0,17,0,0
13467,Mexico,North America,129066160.0,2020-03-13,3,13,26,0,0.0,4,22,14,0
13510,Spain,Europe,46756648.0,2020-03-13,3,13,5232,133,0.2844515286895673,193,4906,2955,78
13578,Argentina,South America,45236884.0,2020-03-14,3,14,34,2,0.004421171007269201,1,31,3,0
13619,Chile,South America,19132514.0,2020-03-14,3,14,88,0,0.0,0,88,33,0
13667,Ecuador,South America,17668824.0,2020-03-14,3,14,28,2,0.011319372472101142,0,26,11,2
13728,Mexico,North America,129066160.0,2020-03-14,3,14,41,0,0.0,4,37,15,0
13771,Spain,Europe,46756648.0,2020-03-14,3,14,6391,195,0.4170529931914709,517,5679,1159,62
13839,Argentina,South America,45236884.0,2020-03-15,3,15,45,2,0.004421171007269201,1,42,11,0
13880,Chile,South America,19132514.0,2020-03-15,3,15,101,0,0.0,0,101,13,0
13928,Ecuador,South America,17668824.0,2020-03-15,3,15,28,2,0.011319372472101142,0,26,0,0
13989,Mexico,North America,129066160.0,2020-03-15,3,15,53,0,0.0,4,49,12,0
14032,Spain,Europe,46756648.0,2020-03-15,3,15,7798,289,0.618093923242744,517,6992,1407,94
14100,Argentina,South America,45236884.0,2020-03-16,3,16,56,2,0.004421171007269201,1,53,11,0
14141,Chile,South America,19132514.0,2020-03-16,3,16,182,0,0.0,0,182,81,0
14189,Ecuador,South America,17668824.0,2020-03-16,3,16,37,2,0.011319372472101142,0,35,9,0
14250,Mexico,North America,129066160.0,2020-03-16,3,16,82,0,0.0,4,78,29,0
14293,Spain,Europe,46756648.0,2020-03-16,3,16,9942,342,0.7314467880588874,530,9070,2144,53
14361,Argentina,South America,45236884.0,2020-03-17,3,17,68,2,0.004421171007269201,3,63,12,0
14402,Chile,South America,19132514.0,2020-03-17,3,17,228,0,0.0,0,228,46,0
14450,Ecuador,South America,17668824.0,2020-03-17,3,17,58,2,0.011319372472101142,0,56,21,0
14511,Mexico,North America,129066160.0,2020-03-17,3,17,93,0,0.0,4,89,11,0
14554,Spain,Europe,46756648.0,2020-03-17,3,17,11748,533,1.1399448480566872,1028,10187,1806,191
14622,Argentina,South America,45236884.0,2020-03-18,3,18,79,2,0.004421171007269201,3,74,11,0
14663,Chile,South America,19132514.0,2020-03-18,3,18,265,0,0.0,0,265,37,0
14711,Ecuador,South America,17668824.0,2020-03-18,3,18,111,2,0.011319372472101142,0,109,53,0
14772,Mexico,North America,129066160.0,2020-03-18,3,18,118,0,0.0,4,114,25,0
14815,Spain,Europe,46756648.0,2020-03-18,3,18,13910,623,1.332430844914289,1081,12206,2162,90
14883,Argentina,South America,45236884.0,2020-03-19,3,19,97,3,0.006631756510903802,3,91,18,1
14924,Chile,South America,19132514.0,2020-03-19,3,19,265,0,0.0,0,265,0,0
14972,Ecuador,South America,17668824.0,2020-03-19,3,19,199,3,0.016979058708151716,0,196,88,1
15033,Mexico,North America,129066160.0,2020-03-19,3,19,164,1,0.0007747964299859855,4,159,46,1
15076,Spain,Europe,46756648.0,2020-03-19,3,19,17963,830,1.7751486376867736,1107,16026,4053,207
15144,Argentina,South America,45236884.0,2020-03-20,3,20,128,3,0.006631756510903802,3,122,31,0
15185,Chile,South America,19132514.0,2020-03-20,3,20,461,0,0.0,6,455,196,0
15233,Ecuador,South America,17668824.0,2020-03-20,3,20,367,5,0.028298431180252853,0,362,168,2
15294,Mexico,North America,129066160.0,2020-03-20,3,20,203,2,0.001549592859971971,4,197,39,1
15337,Spain,Europe,46756648.0,2020-03-20,3,20,20410,1043,2.230698830249765,1588,17779,2447,213
15405,Argentina,South America,45236884.0,2020-03-21,3,21,158,4,0.008842342014538401,3,151,30,1
15446,Chile,South America,19132514.0,2020-03-21,3,21,592,0,0.0,6,586,131,0
15494,Ecuador,South America,17668824.0,2020-03-21,3,21,506,7,0.039617803652354004,3,496,139,2
15555,Mexico,North America,129066160.0,2020-03-21,3,21,251,2,0.001549592859971971,4,245,48,0
15598,Spain,Europe,46756648.0,2020-03-21,3,21,25374,1375,2.940758285324474,2125,21874,4964,332
15666,Argentina,South America,45236884.0,2020-03-22,3,22,266,4,0.008842342014538401,3,259,108,0
15707,Chile,South America,19132514.0,2020-03-22,3,22,687,1,0.005226704655749892,8,678,95,1
15755,Ecuador,South America,17668824.0,2020-03-22,3,22,789,14,0.07923560730470801,3,772,283,7
15816,Mexico,North America,129066160.0,2020-03-22,3,22,316,3,0.0023243892899579566,4,309,65,1
15859,Spain,Europe,46756648.0,2020-03-22,3,22,28768,1772,3.7898354047963405,2575,24421,3394,397
15927,Argentina,South America,45236884.0,2020-03-23,3,23,301,4,0.008842342014538401,3,294,35,0
15968,Chile,South America,19132514.0,2020-03-23,3,23,801,2,0.010453409311499785,8,791,114,1
16016,Ecuador,South America,17668824.0,2020-03-23,3,23,981,18,0.10187435224891028,3,960,192,4
16077,Mexico,North America,129066160.0,2020-03-23,3,23,367,4,0.003099185719943942,4,359,51,1
16120,Spain,Europe,46756648.0,2020-03-23,3,23,35136,2311,4.942612652643534,2575,30250,6368,539
16188,Argentina,South America,45236884.0,2020-03-24,3,24,387,6,0.013263513021807604,52,329,86,2
16229,Chile,South America,19132514.0,2020-03-24,3,24,977,2,0.010453409311499785,17,958,176,0
16277,Ecuador,South America,17668824.0,2020-03-24,3,24,1082,27,0.15281152837336542,3,1052,101,9
16338,Mexico,North America,129066160.0,2020-03-24,3,24,405,5,0.0038739821499299276,4,396,38,1
16381,Spain,Europe,46756648.0,2020-03-24,3,24,39885,2808,6.005563101957181,3794,33283,4749,497
16449,Argentina,South America,45236884.0,2020-03-25,3,25,387,8,0.017684684029076803,52,327,0,2
16490,Chile,South America,19132514.0,2020-03-25,3,25,1197,3,0.01568011396724968,22,1172,220,1
16538,Ecuador,South America,17668824.0,2020-03-25,3,25,1173,28,0.15847121460941602,3,1142,91,1
16599,Mexico,North America,129066160.0,2020-03-25,3,25,475,6,0.004648778579915913,4,465,70,1
16642,Spain,Europe,46756648.0,2020-03-25,3,25,49515,3647,7.799960339329714,5367,40501,9630,839
16710,Argentina,South America,45236884.0,2020-03-26,3,26,502,9,0.019895269532711403,63,430,115,1
16751,Chile,South America,19132514.0,2020-03-26,3,26,1361,4,0.02090681862299957,22,1335,164,1
16799,Ecuador,South America,17668824.0,2020-03-26,3,26,1403,34,0.1924293320257194,3,1366,230,6
16860,Mexico,North America,129066160.0,2020-03-26,3,26,585,8,0.006198371439887884,4,573,110,2
16903,Spain,Europe,46756648.0,2020-03-26,3,26,57786,4365,9.335570847593694,7015,46406,8271,718
16971,Argentina,South America,45236884.0,2020-03-27,3,27,589,13,0.028737611547249808,72,504,87,4
17012,Chile,South America,19132514.0,2020-03-27,3,27,1665,5,0.026133523278749463,43,1617,304,1
17060,Ecuador,South America,17668824.0,2020-03-27,3,27,1595,36,0.20374870449782057,3,1556,192,2
17121,Mexico,North America,129066160.0,2020-03-27,3,27,717,12,0.009297557159831826,4,701,132,4
17164,Spain,Europe,46756648.0,2020-03-27,3,27,65719,5138,10.988811687270653,9357,51224,7933,773
17232,Argentina,South America,45236884.0,2020-03-28,3,28,690,18,0.039790539065422806,72,600,101,5
17273,Chile,South America,19132514.0,2020-03-28,3,28,2015,6,0.03136022793449936,61,1948,350,1
17321,Ecuador,South America,17668824.0,2020-03-28,3,28,1823,48,0.27166493933042746,3,1772,228,12
17382,Mexico,North America,129066160.0,2020-03-28,3,28,848,16,0.012396742879775768,4,828,131,4
17425,Spain,Europe,46756648.0,2020-03-28,3,28,73235,5982,12.793902591135275,12285,54968,7516,844
17493,Argentina,South America,45236884.0,2020-03-29,3,29,745,19,0.042001124569057406,72,654,55,1
17534,Chile,South America,19132514.0,2020-03-29,3,29,2245,7,0.03658693259024925,75,2163,230,1
17582,Ecuador,South America,17668824.0,2020-03-29,3,29,1924,58,0.3282618016909331,3,1863,101,10
17643,Mexico,North America,129066160.0,2020-03-29,3,29,993,20,0.01549592859971971,4,969,145,4
17686,Spain,Europe,46756648.0,2020-03-29,3,29,80110,6803,14.54980262913629,14709,58598,6875,821
17754,Argentina,South America,45236884.0,2020-03-30,3,30,820,23,0.050843466583595814,228,569,75,4
17795,Chile,South America,19132514.0,2020-03-30,3,30,2555,8,0.04181363724599914,156,2391,310,1
17843,Ecuador,South America,17668824.0,2020-03-30,3,30,1962,60,0.3395811741630343,3,1899,38,2
17904,Mexico,North America,129066160.0,2020-03-30,3,30,1094,28,0.02169430003960759,35,1031,101,8
17947,Spain,Europe,46756648.0,2020-03-30,3,30,87956,7716,16.50246613059174,16780,63460,7846,913
18015,Argentina,South America,45236884.0,2020-03-31,3,31,1054,27,0.059685808598134216,240,787,234,4
18056,Chile,South America,19132514.0,2020-03-31,3,31,2844,12,0.06272045586899871,156,2676,289,4
18104,Ecuador,South America,17668824.0,2020-03-31,3,31,2240,75,0.4244764677037928,54,2111,278,15
18165,Mexico,North America,129066160.0,2020-03-31,3,31,1215,29,0.022469096469593577,35,1151,121,1
18208,Spain,Europe,46756648.0,2020-03-31,3,31,95923,8464,18.102238637808252,19259,68200,7967,748
18276,Argentina,South America,45236884.0,2020-04-01,4,1,1054,28,0.061896394101768816,248,778,0,1
18317,Chile,South America,19132514.0,2020-04-01,4,1,3137,16,0.08362727449199828,234,2887,293,4
18365,Ecuador,South America,17668824.0,2020-04-01,4,1,2748,93,0.526350819952703,58,2597,508,18
18426,Mexico,North America,129066160.0,2020-04-01,4,1,1378,37,0.028667467909481464,35,1306,163,8
18469,Spain,Europe,46756648.0,2020-04-01,4,1,104118,9387,20.076289472247883,22647,72084,8195,923
18537,Argentina,South America,45236884.0,2020-04-02,4,2,1133,36,0.07958107813084561,256,841,79,8
18578,Chile,South America,19132514.0,2020-04-02,4,2,3510,18,0.09408068380349806,335,3157,373,2
18626,Ecuador,South America,17668824.0,2020-04-02,4,2,3163,120,0.6791623483260686,65,2978,415,27
18687,Mexico,North America,129066160.0,2020-04-02,4,2,1510,50,0.038739821499299276,35,1425,132,13
18730,Spain,Europe,46756648.0,2020-04-02,4,2,112065,10348,22.13161217202739,26743,74974,7947,961
18798,Argentina,South America,45236884.0,2020-04-03,4,3,1265,39,0.08621283464174942,266,960,132,3
18839,Chile,South America,19132514.0,2020-04-03,4,3,3843,22,0.11498750242649763,427,3394,333,4
18887,Ecuador,South America,17668824.0,2020-04-03,4,3,3368,145,0.8206545042273329,65,3158,205,25
18948,Mexico,North America,129066160.0,2020-04-03,4,3,1688,60,0.046487785799159125,633,995,178,10
18991,Spain,Europe,46756648.0,2020-04-03,4,3,119199,11198,23.949535475682517,30513,77488,7134,850
19059,Argentina,South America,45236884.0,2020-04-04,4,4,1451,43,0.09505517665628782,279,1129,186,4
19100,Chile,South America,19132514.0,2020-04-04,4,4,4355,27,0.1411210257052471,528,3800,512,5
19148,Ecuador,South America,17668824.0,2020-04-04,4,4,3465,172,0.9734660326006983,100,3193,97,27
19209,Mexico,North America,129066160.0,2020-04-04,4,4,1890,79,0.06120891796889285,633,1178,202,19
19252,Spain,Europe,46756648.0,2020-04-04,4,4,126168,11947,25.55144671619745,34219,80002,6969,749
19320,Argentina,South America,45236884.0,2020-04-05,4,5,1451,44,0.09726576215992243,280,1127,0,1
19361,Chile,South America,19132514.0,2020-04-05,4,5,4665,34,0.17770795829549635,618,4013,310,7
19409,Ecuador,South America,17668824.0,2020-04-05,4,5,3646,180,1.0187435224891028,100,3366,181,8
19470,Mexico,North America,129066160.0,2020-04-05,4,5,2143,94,0.07283086441868264,633,1416,253,15
19513,Spain,Europe,46756648.0,2020-04-05,4,5,131646,12641,27.035727625299398,38080,80925,5478,694
19581,Argentina,South America,45236884.0,2020-04-06,4,6,1554,48,0.10610810417446083,325,1181,103,4
19622,Chile,South America,19132514.0,2020-04-06,4,6,5009,37,0.19338807226274604,728,4244,344,3
19670,Ecuador,South America,17668824.0,2020-04-06,4,6,3747,191,1.081000071085659,100,3456,101,11
19731,Mexico,North America,129066160.0,2020-04-06,4,6,2439,125,0.09684955374824818,633,1681,296,31
19774,Spain,Europe,46756648.0,2020-04-06,4,6,136675,13341,28.53284093419186,40437,82897,5029,700
19842,Argentina,South America,45236884.0,2020-04-07,4,7,1628,56,0.12379278820353763,338,1234,74,8
19883,Chile,South America,19132514.0,2020-04-07,4,7,5310,43,0.22474830019724537,898,4369,301,6
19931,Ecuador,South America,17668824.0,2020-04-07,4,7,3747,191,1.081000071085659,100,3456,0,0
19992,Mexico,North America,129066160.0,2020-04-07,4,7,2785,141,0.10924629662802396,633,2011,346,16
20035,Spain,Europe,46756648.0,2020-04-07,4,7,141942,14045,30.03850917627799,43208,84689,5267,704
20103,Argentina,South America,45236884.0,2020-04-08,4,8,1715,63,0.13926688672897983,358,1294,87,7
20144,Chile,South America,19132514.0,2020-04-08,4,8,5740,48,0.25088182347599486,1115,4577,430,5
20192,Ecuador,South America,17668824.0,2020-04-08,4,8,4450,242,1.3696440691242382,140,4068,703,51
20253,Mexico,North America,129066160.0,2020-04-08,4,8,3181,174,0.13481457881756148,633,2374,396,33
20296,Spain,Europe,46756648.0,2020-04-08,4,8,148220,14792,31.63614295019609,48021,85407,6278,747
20364,Argentina,South America,45236884.0,2020-04-09,4,9,1795,72,0.15916215626169122,365,1358,80,9
20405,Chile,South America,19132514.0,2020-04-09,4,9,6166,57,0.2979221653777439,1274,4835,426,9
20453,Ecuador,South America,17668824.0,2020-04-09,4,9,4965,272,1.5394346562057553,339,4354,515,30
20514,Mexico,North America,129066160.0,2020-04-09,4,9,3441,194,0.1503105074172812,633,2614,260,20
20557,Spain,Europe,46756648.0,2020-04-09,4,9,153222,15447,33.03701326065974,52165,85610,5002,655
20625,Argentina,South America,45236884.0,2020-04-10,4,10,1975,82,0.18126801129803724,375,1518,180,10
20666,Chile,South America,19132514.0,2020-04-10,4,10,6695,65,0.339735802623743,1571,5059,529,8
20714,Ecuador,South America,17668824.0,2020-04-10,4,10,7161,297,1.6809268121070198,368,6496,2196,25
20775,Mexico,North America,129066160.0,2020-04-10,4,10,3844,233,0.18052756818673463,633,2978,403,39
20818,Spain,Europe,46756648.0,2020-04-10,4,10,158273,16081,34.39297017185663,55668,86524,5051,634
20886,Argentina,South America,45236884.0,2020-04-11,4,11,1975,83,0.18347859680167183,440,1452,0,1
20927,Chile,South America,19132514.0,2020-04-11,4,11,7366,73,0.3815494398697422,1864,5429,671,8
20975,Ecuador,South America,17668824.0,2020-04-11,4,11,7257,315,1.7828011643559298,411,6531,96,18
21036,Mexico,North America,129066160.0,2020-04-11,4,11,4219,273,0.21151942538617402,633,3313,375,40
21079,Spain,Europe,46756648.0,2020-04-11,4,11,163027,16606,35.515805153525974,59109,87312,4754,525
21147,Argentina,South America,45236884.0,2020-04-12,4,12,2142,90,0.19895269532711404,468,1584,167,7
21188,Chile,South America,19132514.0,2020-04-12,4,12,7652,80,0.4181363724599914,2059,5513,286,7
21236,Ecuador,South America,17668824.0,2020-04-12,4,12,7466,333,1.8846755166048403,501,6632,209,18
21297,Mexico,North America,129066160.0,2020-04-12,4,12,4661,296,0.22933974327585172,1772,2593,442,23
21340,Spain,Europe,46756648.0,2020-04-12,4,12,166831,17209,36.80546133247191,62391,87231,3804,603
21408,Argentina,South America,45236884.0,2020-04-13,4,13,2208,97,0.21442679385255628,515,1596,66,7
21449,Chile,South America,19132514.0,2020-04-13,4,13,7964,82,0.4285897817714912,2367,5515,312,2
21497,Ecuador,South America,17668824.0,2020-04-13,4,13,7529,355,2.009188613797953,597,6577,63,22
21558,Mexico,North America,129066160.0,2020-04-13,4,13,5014,332,0.25723241475534714,1843,2839,353,36
21601,Spain,Europe,46756648.0,2020-04-13,4,13,170099,17756,37.97534844670644,64727,87616,3268,547
21669,Argentina,South America,45236884.0,2020-04-14,4,14,2277,102,0.22547972137072925,559,1616,69,5
21710,Chile,South America,19132514.0,2020-04-14,4,14,8356,92,0.4808568283289901,2646,5618,392,10
21758,Ecuador,South America,17668824.0,2020-04-14,4,14,7603,369,2.088424221102661,696,6538,74,14
21819,Mexico,North America,129066160.0,2020-04-14,4,14,5399,406,0.31456735057431007,1964,3029,385,74
21862,Spain,Europe,46756648.0,2020-04-14,4,14,172541,18056,38.61696843623179,67504,86981,2442,300
21930,Argentina,South America,45236884.0,2020-04-15,4,15,2443,111,0.24537499090344064,596,1736,166,9
21971,Chile,South America,19132514.0,2020-04-15,4,15,8712,94,0.4913102376404899,2937,5681,356,2
22019,Ecuador,South America,17668824.0,2020-04-15,4,15,7858,388,2.1959582595876217,780,6690,255,19
22080,Mexico,North America,129066160.0,2020-04-15,4,15,5847,449,0.3478835970637075,2125,3273,448,43
22123,Spain,Europe,46756648.0,2020-04-15,4,15,177644,18708,40.01142254680019,70853,88083,5103,652
22191,Argentina,South America,45236884.0,2020-04-16,4,16,2571,115,0.25421733291797904,631,1825,128,4
22232,Chile,South America,19132514.0,2020-04-16,4,16,9246,105,0.5488039888537387,3299,5842,534,11
22280,Ecuador,South America,17668824.0,2020-04-16,4,16,8225,403,2.2808535531283805,838,6984,367,15
22341,Mexico,North America,129066160.0,2020-04-16,4,16,6297,486,0.37655106497318896,2125,3686,450,37
22384,Spain,Europe,46756648.0,2020-04-16,4,16,184948,19315,41.309633658939795,74797,90836,7304,607
22452,Argentina,South America,45236884.0,2020-04-17,4,17,2669,123,0.27190201694705585,666,1880,98,8
22493,Chile,South America,19132514.0,2020-04-17,4,17,9691,116,0.6062977400669876,3621,5954,445,11
22541,Ecuador,South America,17668824.0,2020-04-17,4,17,8450,421,2.3827279053772905,838,7191,225,18
22602,Mexico,North America,129066160.0,2020-04-17,4,17,6875,546,0.42303885077234804,2125,4204,578,60
22645,Spain,Europe,46756648.0,2020-04-17,4,17,190839,20002,42.77894343495282,74797,96040,5891,687
22713,Argentina,South America,45236884.0,2020-04-18,4,18,2758,129,0.28516552996886346,685,1944,89,6
22754,Chile,South America,19132514.0,2020-04-18,4,18,10598,126,0.6585647866244865,4035,6437,907,10
22802,Ecuador,South America,17668824.0,2020-04-18,4,18,9022,456,2.5808169236390603,1008,7558,572,35
22863,Mexico,North America,129066160.0,2020-04-18,4,18,7497,650,0.5036176794908905,2125,4722,622,104
22906,Spain,Europe,46756648.0,2020-04-18,4,18,191726,20043,42.86663150018795,74797,96886,887,41
22974,Argentina,South America,45236884.0,2020-04-19,4,19,2839,132,0.29179728647976727,709,1998,81,3
23015,Chile,South America,19132514.0,2020-04-19,4,19,10956,133,0.6951517192147357,4338,6485,358,7
23063,Ecuador,South America,17668824.0,2020-04-19,4,19,9468,474,2.682691275887971,1061,7933,446,18
23124,Mexico,North America,129066160.0,2020-04-19,4,19,8261,686,0.5315103509703861,2627,4948,764,36
23167,Spain,Europe,46756648.0,2020-04-19,4,19,198674,20453,43.74351215253925,77357,100864,6948,410
23235,Argentina,South America,45236884.0,2020-04-20,4,20,2941,136,0.30063962849430564,737,2068,102,4
23276,Chile,South America,19132514.0,2020-04-20,4,20,11375,139,0.7265119471492351,4676,6560,419,6
23324,Ecuador,South America,17668824.0,2020-04-20,4,20,10128,507,2.8694609216776397,1150,8471,660,33
23385,Mexico,North America,129066160.0,2020-04-20,4,20,8772,712,0.5516550581500217,2627,5433,511,26
23428,Spain,Europe,46756648.0,2020-04-20,4,20,200210,20852,44.59686673860795,80587,98771,1536,399
23496,Argentina,South America,45236884.0,2020-04-21,4,21,3031,147,0.32495606903428625,840,2044,90,11
23537,Chile,South America,19132514.0,2020-04-21,4,21,11700,147,0.7683255843952342,4969,6584,325,8
23585,Ecuador,South America,17668824.0,2020-04-21,4,21,10398,520,2.943036842746297,1207,8671,270,13
23646,Mexico,North America,129066160.0,2020-04-21,4,21,9501,857,0.6640005404979895,2627,6017,729,145
23689,Spain,Europe,46756648.0,2020-04-21,4,21,204178,21282,45.516522056927606,82514,100382,3968,430
23757,Argentina,South America,45236884.0,2020-04-22,4,22,3144,152,0.33600899655245925,872,2120,113,5
23798,Chile,South America,19132514.0,2020-04-22,4,22,12164,160,0.8362727449199828,5386,6618,464,13
23846,Ecuador,South America,17668824.0,2020-04-22,4,22,10850,537,3.0392515087591567,1262,9051,452,17
23907,Mexico,North America,129066160.0,2020-04-22,4,22,10544,970,0.7515525370864059,2627,6947,1043,113
23950,Spain,Europe,46756648.0,2020-04-22,4,22,208389,21717,46.44687104173935,85915,100757,4211,435
24018,Argentina,South America,45236884.0,2020-04-23,4,23,3435,165,0.3647466080997091,919,2351,291,13
24059,Chile,South America,19132514.0,2020-04-23,4,23,12680,168,0.8780863821659819,5804,6708,516,8
24107,Ecuador,South America,17668824.0,2020-04-23,4,23,11183,560,3.1694242921883204,1328,9295,333,23
24168,Mexico,North America,129066160.0,2020-04-23,4,23,11633,1069,0.8282573836550184,2627,7937,1089,99
24211,Spain,Europe,46756648.0,2020-04-23,4,23,213024,22157,47.38791369304318,89250,101617,4635,440
24279,Argentina,South America,45236884.0,2020-04-24,4,24,3607,176,0.3890630486396897,976,2455,172,11
24320,Chile,South America,19132514.0,2020-04-24,4,24,13174,174,0.9094466101004812,6327,6673,494,6
24368,Ecuador,South America,17668824.0,2020-04-24,4,24,22719,576,3.259979271965129,1366,20777,11536,16
24429,Mexico,North America,129066160.0,2020-04-24,4,24,12872,1221,0.9460264410128882,2627,9024,1239,152
24472,Spain,Europe,46756648.0,2020-04-24,4,24,202990,22524,48.17282881356251,92355,88111,0,367
24540,Argentina,South America,45236884.0,2020-04-25,4,25,3780,185,0.40895831817240114,1030,2565,173,9
24581,Chile,South America,19132514.0,2020-04-25,4,25,14537,181,0.9460335426907306,6746,7610,1363,7
24629,Ecuador,South America,17668824.0,2020-04-25,4,25,22719,576,3.259979271965129,1366,20777,0,0
24690,Mexico,North America,129066160.0,2020-04-25,4,25,13842,1305,1.011109341131711,7149,5388,970,84
24733,Spain,Europe,46756648.0,2020-04-25,4,25,205905,22902,48.98127000036444,95708,87295,2915,378
24801,Argentina,South America,45236884.0,2020-04-26,4,26,3892,192,0.4244324166978433,1107,2593,112,7
24842,Chile,South America,19132514.0,2020-04-26,4,26,15010,189,0.9878471799367298,7024,7797,473,8
24890,Ecuador,South America,17668824.0,2020-04-26,4,26,22719,576,3.259979271965129,1366,20777,0,0
24951,Mexico,North America,129066160.0,2020-04-26,4,26,14677,1351,1.0467499769110664,8354,4972,835,46
24994,Spain,Europe,46756648.0,2020-04-26,4,26,207634,23190,49.59722519030877,98372,86072,1729,288
25062,Argentina,South America,45236884.0,2020-04-27,4,27,4003,197,0.43548534421601626,1140,2666,111,5
25103,Chile,South America,19132514.0,2020-04-27,4,27,15492,198,1.0348875218384788,7327,7967,482,9
25151,Ecuador,South America,17668824.0,2020-04-27,4,27,23240,663,3.752371974501529,1557,21020,521,87
25212,Mexico,North America,129066160.0,2020-04-27,4,27,15529,1434,1.111058080599903,9086,5009,852,83
25255,Spain,Europe,46756648.0,2020-04-27,4,27,209465,23521,50.30514591208506,100875,85069,1831,331
25323,Argentina,South America,45236884.0,2020-04-28,4,28,4127,207,0.4575911992523623,1162,2758,124,10
25364,Chile,South America,19132514.0,2020-04-28,4,28,16044,207,1.0819278637402276,7710,8127,552,9
25412,Ecuador,South America,17668824.0,2020-04-28,4,28,24258,871,4.929586711600048,1557,21830,1018,208
25473,Mexico,North America,129066160.0,2020-04-28,4,28,16752,1569,1.215655598648011,11423,3760,1223,135
25516,Spain,Europe,46756648.0,2020-04-28,4,28,210773,23822,50.94890463490881,102548,84403,1308,301
25584,Argentina,South America,45236884.0,2020-04-29,4,29,4285,214,0.4730652977778045,1192,2879,158,7
25625,Chile,South America,19132514.0,2020-04-29,4,29,16564,216,1.1289682056419768,8057,8291,520,9
25673,Ecuador,South America,17668824.0,2020-04-29,4,29,24675,883,4.997502946432654,1557,22235,417,12
25734,Mexico,North America,129066160.0,2020-04-29,4,29,17799,1732,1.3419474167357268,11423,4644,1047,163
25777,Spain,Europe,46756648.0,2020-04-29,4,29,212917,24275,51.91775081909208,108947,79695,2144,453
25845,Argentina,South America,45236884.0,2020-04-30,4,30,4428,218,0.4819076397923429,1256,2954,143,4
25886,Chile,South America,19132514.0,2020-04-30,4,30,17702,227,1.1864619568552257,8580,8895,1138,11
25934,Ecuador,South America,17668824.0,2020-04-30,4,30,24934,900,5.093717612445514,1558,22476,259,17
25995,Mexico,North America,129066160.0,2020-04-30,4,30,19224,1859,1.4403465633439472,11423,5942,1425,127
26038,Spain,Europe,46756648.0,2020-04-30,4,30,213435,24543,52.49093134306804,112050,76842,518,268
26106,Argentina,South America,45236884.0,2020-05-01,5,1,4532,225,0.49738173831778515,1292,3015,104,7
26147,Chile,South America,19132514.0,2020-05-01,5,1,18687,234,1.223048889445475,9018,9435,985,7
26195,Ecuador,South America,17668824.0,2020-05-01,5,1,26336,1063,6.016246468921757,1913,23360,1402,163
26256,Mexico,North America,129066160.0,2020-05-01,5,1,20739,1972,1.5278985599323633,12377,6390,1515,113
26299,Spain,Europe,46756648.0,2020-05-01,5,1,215216,24543,52.49093134306804,112050,78623,1781,0
26367,Argentina,South America,45236884.0,2020-05-02,5,2,4681,237,0.5239087643614003,1320,3124,149,12
26408,Chile,South America,19132514.0,2020-05-02,5,2,21213,247,1.2909960499702235,9572,11394,2526,13
26456,Ecuador,South America,17668824.0,2020-05-02,5,2,27464,1371,7.759429829625333,2132,23961,1128,308
26517,Mexico,North America,129066160.0,2020-05-02,5,2,22088,2061,1.5968554422011159,12377,7650,1349,89
26560,Spain,Europe,46756648.0,2020-05-02,5,2,216582,25100,53.682205790286766,117248,74234,1366,557
26628,Argentina,South America,45236884.0,2020-05-03,5,3,4783,246,0.5438040338941117,1354,3183,102,9
26669,Chile,South America,19132514.0,2020-05-03,5,3,22441,260,1.358943210494972,10041,12140,1228,13
26717,Ecuador,South America,17668824.0,2020-05-03,5,3,29538,1564,8.851749273183094,3300,24674,2074,193
26778,Mexico,North America,129066160.0,2020-05-03,5,3,23471,2154,1.6689115101898129,13447,7870,1383,93
26821,Spain,Europe,46756648.0,2020-05-03,5,3,217466,25264,54.032958051227276,118902,73300,884,164
26889,Argentina,South America,45236884.0,2020-05-04,5,4,4887,260,0.5747522309449962,1442,3185,104,14
26930,Chile,South America,19132514.0,2020-05-04,5,4,23421,270,1.411210257052471,10415,12736,980,10
26978,Ecuador,South America,17668824.0,2020-05-04,5,4,31881,1569,8.880047704363347,3433,26879,2343,5
27039,Mexico,North America,129066160.0,2020-05-04,5,4,24905,2271,1.7595626924981729,13447,9187,1434,117
27082,Spain,Europe,46756648.0,2020-05-04,5,4,218011,25428,54.3837103121678,121343,71240,545,164
27150,Argentina,South America,45236884.0,2020-05-05,5,5,5020,264,0.5835945729595345,1472,3284,133,4
27191,Chile,South America,19132514.0,2020-05-05,5,5,24794,275,1.4373437803312206,10710,13809,1373,5
27239,Ecuador,South America,17668824.0,2020-05-05,5,5,31881,1569,8.880047704363347,3433,26879,0,0
27300,Mexico,North America,129066160.0,2020-05-05,5,5,26025,2507,1.9424146499748656,16810,6708,1120,236
27343,Spain,Europe,46756648.0,2020-05-05,5,5,219329,25613,54.77937597237509,123486,70230,1318,185
27411,Argentina,South America,45236884.0,2020-05-06,5,6,5208,273,0.6034898424922459,1524,3411,188,9
27452,Chile,South America,19132514.0,2020-05-06,5,6,25826,281,1.46870400826572,11189,14356,1032,6
27500,Ecuador,South America,17668824.0,2020-05-06,5,6,31881,1618,9.157372329929824,3433,26830,0,49
27561,Mexico,North America,129066160.0,2020-05-06,5,6,27634,2704,2.095049546682105,17781,7149,1609,197
27604,Spain,Europe,46756648.0,2020-05-06,5,6,220325,25857,55.30122689718904,126002,68466,996,244
27672,Argentina,South America,45236884.0,2020-05-07,5,7,5371,282,0.6233851120249574,1601,3488,163,9
27713,Chile,South America,19132514.0,2020-05-07,5,7,27359,285,1.4896108268887194,11664,15410,1533,4
27761,Ecuador,South America,17668824.0,2020-05-07,5,7,30298,1654,9.361121034427645,3433,25211,0,36
27822,Mexico,North America,129066160.0,2020-05-07,5,7,29616,2961,2.294172229188503,17781,8874,1982,257
27865,Spain,Europe,46756648.0,2020-05-07,5,7,221447,26070,55.756777089752035,128511,66866,1122,213
27933,Argentina,South America,45236884.0,2020-05-08,5,8,5611,293,0.647701552564938,1659,3659,240,11
27974,Chile,South America,19132514.0,2020-05-08,5,8,28750,294,1.5366511687904685,12160,16296,1391,9
28022,Ecuador,South America,17668824.0,2020-05-08,5,8,28818,1704,9.644105346230173,3433,23681,0,50
28083,Mexico,North America,129066160.0,2020-05-08,5,8,31522,3160,2.448356718755714,20314,8048,1906,199
28126,Spain,Europe,46756648.0,2020-05-08,5,8,222857,26299,56.2465470150897,131148,65410,1410,229
28194,Argentina,South America,45236884.0,2020-05-09,5,9,5776,300,0.6631756510903801,1728,3748,165,7
28235,Chile,South America,19132514.0,2020-05-09,5,9,32208,304,1.5889182153479675,12667,19237,3458,10
28283,Ecuador,South America,17668824.0,2020-05-09,5,9,29071,1717,9.71768126729883,3433,23921,253,13
28344,Mexico,North America,129066160.0,2020-05-09,5,9,33460,3353,2.597892429743009,21824,8283,1938,193
28387,Spain,Europe,46756648.0,2020-05-09,5,9,223578,26478,56.62938027550649,133952,63148,721,179
28455,Argentina,South America,45236884.0,2020-05-10,5,10,6034,305,0.6742285786085531,1757,3972,258,5
28496,Chile,South America,19132514.0,2020-05-10,5,10,33855,312,1.6307318525939665,13112,20431,1647,8
28544,Ecuador,South America,17668824.0,2020-05-10,5,10,29559,2127,12.038152624079565,3433,23999,488,410
28605,Mexico,North America,129066160.0,2020-05-10,5,10,35022,3465,2.68466962990144,21824,9733,1562,112
28648,Spain,Europe,46756648.0,2020-05-10,5,10,224350,26621,56.93521913718024,136166,61563,772,143
28716,Argentina,South America,45236884.0,2020-05-11,5,11,6278,314,0.6941238481412646,1837,4127,244,9
28757,Chile,South America,19132514.0,2020-05-11,5,11,35052,323,1.6882256038072154,13605,21124,1197,11
28805,Ecuador,South America,17668824.0,2020-05-11,5,11,29509,2145,12.140026976328476,3433,23931,0,18
28866,Mexico,North America,129066160.0,2020-05-11,5,11,36327,3573,2.768347644339926,23100,9654,1305,108
28909,Spain,Europe,46756648.0,2020-05-11,5,11,227436,26744,57.19828333288563,137139,63553,3086,123
28977,Argentina,South America,45236884.0,2020-05-12,5,12,6563,319,0.7051767756594375,1862,4382,285,5
29018,Chile,South America,19132514.0,2020-05-12,5,12,36710,335,1.750946059676214,14125,22250,1658,12
29066,Ecuador,South America,17668824.0,2020-05-12,5,12,30419,2327,13.17008987128968,3433,24659,910,182
29127,Mexico,North America,129066160.0,2020-05-12,5,12,38324,3926,3.041850784124979,25935,8463,1997,353
29170,Spain,Europe,46756648.0,2020-05-12,5,12,228030,26920,57.574700393407156,138980,62130,594,176
29238,Argentina,South America,45236884.0,2020-05-13,5,13,6879,329,0.7272826306957836,2266,4284,316,10
29279,Chile,South America,19132514.0,2020-05-13,5,13,39370,346,1.8084398108894628,14865,24159,2660,11
29327,Ecuador,South America,17668824.0,2020-05-13,5,13,30486,2334,13.209707674942035,3433,24719,67,7
29388,Mexico,North America,129066160.0,2020-05-13,5,13,40186,4220,3.269640934540859,26990,8976,1862,294
29431,Spain,Europe,46756648.0,2020-05-13,5,13,228691,27104,57.96822732031604,140823,60764,661,184
29499,Argentina,South America,45236884.0,2020-05-14,5,14,7134,353,0.780336682783014,2385,4396,255,24
29540,Chile,South America,19132514.0,2020-05-14,5,14,42029,368,1.9234273133159605,15655,26006,2659,22
29588,Ecuador,South America,17668824.0,2020-05-14,5,14,30502,2338,13.232346419886234,3433,24731,16,4
29649,Mexico,North America,129066160.0,2020-05-14,5,14,42595,4477,3.4687636170472573,28475,9643,2409,257
29692,Spain,Europe,46756648.0,2020-05-14,5,14,229540,27321,58.43233244607269,143374,58845,849,217
29760,Argentina,South America,45236884.0,2020-05-15,5,15,7479,356,0.7869684392939177,2497,4626,345,3
29801,Chile,South America,19132514.0,2020-05-15,5,15,44531,394,2.0593216343654577,16614,27523,2502,26
29849,Ecuador,South America,17668824.0,2020-05-15,5,15,31467,2594,14.681226096315182,3433,25440,965,256
29910,Mexico,North America,129066160.0,2020-05-15,5,15,45032,4767,3.693454581743193,30451,9814,2437,290
29953,Spain,Europe,46756648.0,2020-05-15,5,15,230183,27459,58.72747764125435,144783,57941,643,138
30021,Argentina,South America,45236884.0,2020-05-16,5,16,7805,363,0.8024425378193599,2534,4908,326,7
30062,Chile,South America,19132514.0,2020-05-16,5,16,50016,421,2.200442660070705,18014,31581,5485,27
30110,Ecuador,South America,17668824.0,2020-05-16,5,16,32763,2688,15.213236602503935,3433,26642,1296,94
30171,Mexico,North America,129066160.0,2020-05-16,5,16,47144,5045,3.9088479892792964,31848,10251,2112,278
30214,Spain,Europe,46756648.0,2020-05-16,5,16,230698,27563,58.9499059042898,146446,56689,515,104
30282,Argentina,South America,45236884.0,2020-05-17,5,17,8068,373,0.8245483928557059,2569,5126,263,10
30323,Chile,South America,19132514.0,2020-05-17,5,17,52369,450,2.3520170950874517,19213,32706,2353,29
30371,Ecuador,South America,17668824.0,2020-05-17,5,17,33182,2736,15.484901541834365,3433,27013,419,48
30432,Mexico,North America,129066160.0,2020-05-17,5,17,49219,5177,4.011121118037447,33329,10713,2075,132
30475,Spain,Europe,46756648.0,2020-05-17,5,17,230698,27563,58.9499059042898,146446,56689,0,0
30543,Argentina,South America,45236884.0,2020-05-18,5,18,8371,382,0.8444436623884174,2625,5364,303,9
30584,Chile,South America,19132514.0,2020-05-18,5,18,54647,478,2.4983648254484487,20165,34004,2278,28
30632,Ecuador,South America,17668824.0,2020-05-18,5,18,33582,2799,15.84146177470555,3433,27350,400,63
30693,Mexico,North America,129066160.0,2020-05-18,5,18,51633,5332,4.1312145646852745,35388,10913,2414,155
30736,Spain,Europe,46756648.0,2020-05-18,5,18,231606,27709,59.262160965858804,150376,53521,908,146
30804,Argentina,South America,45236884.0,2020-05-19,5,19,8809,393,0.868760102928398,2872,5544,438,11
30845,Chile,South America,19132514.0,2020-05-19,5,19,58167,509,2.6603926697766953,21507,36151,3520,31
30893,Ecuador,South America,17668824.0,2020-05-19,5,19,34151,2839,16.067849224147572,3457,27855,569,40
30954,Mexico,North America,129066160.0,2020-05-19,5,19,54346,5666,4.389996572300594,37325,11355,2713,334
30997,Spain,Europe,46756648.0,2020-05-19,5,19,232037,27778,59.40973356344963,150376,53883,431,69
31065,Argentina,South America,45236884.0,2020-05-20,5,20,9283,403,0.8908659579647441,2933,5947,474,10
31106,Chile,South America,19132514.0,2020-05-20,5,20,62205,544,2.8433273327279416,22504,39157,4038,35
31154,Ecuador,South America,17668824.0,2020-05-20,5,20,34854,2888,16.34517384971405,3557,28409,703,49
31215,Mexico,North America,129066160.0,2020-05-20,5,20,56594,6090,4.718510258614652,38419,12085,2248,424
31258,Spain,Europe,46756648.0,2020-05-20,5,20,232555,27888,59.644994226275585,150376,54291,518,110
31326,Argentina,South America,45236884.0,2020-05-21,5,21,9931,416,0.9196035695119938,3032,6483,648,13
31367,Chile,South America,19132514.0,2020-05-21,5,21,66169,589,3.078529042236686,23992,41588,3964,45
31415,Ecuador,South America,17668824.0,2020-05-21,5,21,35306,2939,16.63381784775263,3557,28810,452,51
31476,Mexico,North America,129066160.0,2020-05-21,5,21,59567,6510,5.043924759208766,40152,12905,2973,420
31519,Spain,Europe,46756648.0,2020-05-21,5,21,233037,27940,59.75620835779331,150376,54721,482,52
31587,Argentina,South America,45236884.0,2020-05-22,5,22,10649,433,0.9571835230737821,3062,7154,718,17
31628,Chile,South America,19132514.0,2020-05-22,5,22,70445,630,3.292823933122432,25342,44473,4276,41
31676,Ecuador,South America,17668824.0,2020-05-22,5,22,35828,3056,17.296001137370546,3557,29215,522,117
31737,Mexico,North America,129066160.0,2020-05-22,5,22,62527,6989,5.415052249172052,42191,13347,2960,479
31780,Spain,Europe,46756648.0,2020-05-22,5,22,234824,28628,61.227656867104756,150376,55820,1787,688
31848,Argentina,South America,45236884.0,2020-05-23,5,23,11353,445,0.9837105491173972,3530,7378,704,12
31889,Chile,South America,19132514.0,2020-05-23,5,23,80287,673,3.5175722333196777,26546,53068,9842,43
31937,Ecuador,South America,17668824.0,2020-05-23,5,23,36258,3096,17.522388586812568,3557,29605,430,40
31998,Mexico,North America,129066160.0,2020-05-23,5,23,65856,7179,5.56226357086939,44424,14253,3329,190
32041,Spain,Europe,46756648.0,2020-05-23,5,23,235290,28678,61.33459353202565,150376,56236,466,50
32109,Argentina,South America,45236884.0,2020-05-24,5,24,12076,452,0.9991846476428394,3732,7892,723,7
32150,Chile,South America,19132514.0,2020-05-24,5,24,83996,718,3.752773942828423,28148,55130,3709,45
32198,Ecuador,South America,17668824.0,2020-05-24,5,24,36756,3108,17.590304821645177,3560,30088,498,12
32259,Mexico,North America,129066160.0,2020-05-24,5,24,68620,7394,5.728844803316377,46979,14247,2764,215
32302,Spain,Europe,46756648.0,2020-05-24,5,24,235772,28752,61.49285979610856,150376,56644,482,74
32370,Argentina,South America,45236884.0,2020-05-25,5,25,12628,467,1.0323434301973584,3999,8162,552,15
32411,Chile,South America,19132514.0,2020-05-25,5,25,88891,761,3.977522243025668,29302,58828,4895,43
32459,Ecuador,South America,17668824.0,2020-05-25,5,25,37355,3203,18.127975014069982,18003,16149,599,95
32520,Mexico,North America,129066160.0,2020-05-25,5,25,71105,7633,5.914021150083027,49452,14020,2485,239
32563,Spain,Europe,46756648.0,2020-05-25,5,25,235400,26834,57.39076932974323,150376,58190,0,-1918
32631,Argentina,South America,45236884.0,2020-05-26,5,26,13228,484,1.0699233837591466,4167,8577,600,17
32672,Chile,South America,19132514.0,2020-05-26,5,26,92855,806,4.212723952534414,30915,61134,3964,45
32720,Ecuador,South America,17668824.0,2020-05-26,5,26,37355,3203,18.127975014069982,18003,16149,0,0
32781,Mexico,North America,129066160.0,2020-05-26,5,26,74560,8134,6.302194161506006,51708,14718,3455,501
32824,Spain,Europe,46756648.0,2020-05-26,5,26,236259,27117,57.99603085319547,150376,58766,859,283
32892,Argentina,South America,45236884.0,2020-05-27,5,27,13933,500,1.1052927518173004,4349,9084,705,16
32933,Chile,South America,19132514.0,2020-05-27,5,27,97183,841,4.39565861548566,33540,62802,4328,35
32981,Ecuador,South America,17668824.0,2020-05-27,5,27,38103,3275,18.53547242306562,18425,16403,748,72
33042,Mexico,North America,129066160.0,2020-05-27,5,27,78023,8597,6.660924908589518,53834,15592,3463,463
33085,Spain,Europe,46756648.0,2020-05-27,5,27,236259,27117,57.99603085319547,150376,58766,0,0
33153,Argentina,South America,45236884.0,2020-05-28,5,28,14702,508,1.122977435846377,4617,9577,769,8
33194,Chile,South America,19132514.0,2020-05-28,5,28,101837,890,4.651767143617405,36115,64832,4654,49
33242,Ecuador,South America,17668824.0,2020-05-28,5,28,38471,3313,18.750540500035545,18425,16733,368,38
33303,Mexico,North America,129066160.0,2020-05-28,5,28,81400,9044,7.007258912793253,56041,16315,3377,447
33346,Spain,Europe,46756648.0,2020-05-28,5,28,237906,27119,58.000308319792296,150376,60411,1647,2
33414,Argentina,South America,45236884.0,2020-05-29,5,29,15419,520,1.1495044618899923,4788,10111,717,12
33455,Chile,South America,19132514.0,2020-05-29,5,29,105532,944,4.934009195027898,38598,65990,3695,54
33503,Ecuador,South America,17668824.0,2020-05-29,5,29,38571,3334,18.869393910992606,19190,16047,100,21
33564,Mexico,North America,129066160.0,2020-05-29,5,29,84627,9415,7.294708388318053,59003,16209,3227,371
33607,Spain,Europe,46756648.0,2020-05-29,5,29,238564,27121,58.00458578638913,150376,61067,658,2
33675,Argentina,South America,45236884.0,2020-05-30,5,30,16214,528,1.167189145919069,4788,10898,795,8
33716,Chile,South America,19132514.0,2020-05-30,5,30,118720,997,5.211024541782643,40431,77292,13188,53
33764,Ecuador,South America,17668824.0,2020-05-30,5,30,38571,3334,18.869393910992606,19190,16047,0,0
33825,Mexico,North America,129066160.0,2020-05-30,5,30,87512,9779,7.576734288832951,61247,16486,2885,364
33868,Spain,Europe,46756648.0,2020-05-30,5,30,239228,27125,58.01314071958281,150376,61727,664,4
33936,Argentina,South America,45236884.0,2020-05-31,5,31,16851,539,1.1915055864590496,5336,10976,637,11
33977,Chile,South America,19132514.0,2020-05-31,5,31,123550,1054,5.508946707160387,42727,79769,4830,57
34025,Ecuador,South America,17668824.0,2020-05-31,5,31,39098,3358,19.00522638065782,19592,16148,527,24
34086,Mexico,North America,129066160.0,2020-05-31,5,31,90664,9930,7.693728549760835,63772,16962,3152,151
34129,Spain,Europe,46756648.0,2020-05-31,5,31,239479,27127,58.01741818617964,150376,61976,251,2
34197,Argentina,South America,45236884.0,2020-06-01,6,1,17415,556,1.2290855400208378,5521,11338,564,17
34238,Chile,South America,19132514.0,2020-06-01,6,1,129020,1113,5.817322281849631,44946,82961,5470,59
34286,Ecuador,South America,17668824.0,2020-06-01,6,1,39098,3358,19.00522638065782,19592,16148,0,0
34347,Mexico,North America,129066160.0,2020-06-01,6,1,93435,10167,7.877355303667514,66965,16303,2771,237
34390,Spain,Europe,46756648.0,2020-06-01,6,1,239638,27127,58.01741818617964,150376,62135,159,0
34458,Argentina,South America,45236884.0,2020-06-02,6,2,18319,569,1.2578231515680878,5709,12041,904,13
34499,Chile,South America,19132514.0,2020-06-02,6,2,132548,1188,6.209325131030872,86173,45187,3528,75
34547,Ecuador,South America,17668824.0,2020-06-02,6,2,40414,3438,19.458001279541865,20019,16957,1316,80
34608,Mexico,North America,129066160.0,2020-06-02,6,2,97326,10637,8.241509625760928,69749,16940,3891,470
34651,Spain,Europe,46756648.0,2020-06-02,6,2,239932,27127,58.01741818617964,150376,62429,294,0
34719,Argentina,South America,45236884.0,2020-06-03,6,3,19268,583,1.288771348618972,5896,12789,949,14
34760,Chile,South America,19132514.0,2020-06-03,6,3,137490,1275,6.664048436081113,90748,45467,4942,87
34808,Ecuador,South America,17668824.0,2020-06-03,6,3,40966,3486,19.729666218872293,20019,17461,552,48
34869,Mexico,North America,129066160.0,2020-06-03,6,3,101238,11729,9.087587327305624,72680,16829,3912,1092
34912,Spain,Europe,46756648.0,2020-06-03,6,3,240326,27128,58.01955691947806,150376,62822,394,1
34980,Argentina,South America,45236884.0,2020-06-04,6,4,20197,608,1.344035986209837,5993,13596,929,25
35021,Chile,South America,19132514.0,2020-06-04,6,4,142154,1356,7.087411513196855,95631,45167,4664,81
35069,Ecuador,South America,17668824.0,2020-06-04,6,4,40966,3486,19.729666218872293,20019,17461,0,0
35130,Mexico,North America,129066160.0,2020-06-04,6,4,105680,12545,9.719821214174187,74758,18377,4442,816
35173,Spain,Europe,46756648.0,2020-06-04,6,4,240660,27133,58.030250585970144,150376,63151,334,5
35241,Argentina,South America,45236884.0,2020-06-05,6,5,21037,632,1.3970900382970675,6088,14317,840,24
35282,Chile,South America,19132514.0,2020-06-05,6,5,146361,1448,7.568268341525845,99358,45555,4207,92
35330,Ecuador,South America,17668824.0,2020-06-05,6,5,41575,3534,20.001331158202717,20568,17473,609,48
35391,Mexico,North America,129066160.0,2020-06-05,6,5,110026,13170,10.20406898291543,77841,19015,4346,625
35434,Spain,Europe,46756648.0,2020-06-05,6,5,240978,27134,58.032389319268574,150376,63468,318,1
35502,Argentina,South America,45236884.0,2020-06-06,6,6,22020,648,1.4324594063552212,6180,15192,983,16
35543,Chile,South America,19132514.0,2020-06-06,6,6,160351,1541,8.054351874510585,103817,54993,13990,93
35591,Ecuador,South America,17668824.0,2020-06-06,6,6,42728,3608,20.42014793967046,21020,18100,1153,74
35652,Mexico,North America,129066160.0,2020-06-06,6,6,113619,13511,10.46827456554065,80830,19278,3593,341
35695,Spain,Europe,46756648.0,2020-06-06,6,6,241310,27135,58.03452805256699,150376,63799,332,1
35763,Argentina,South America,45236884.0,2020-06-07,6,7,22794,664,1.4678287744133747,6909,15221,774,16
35804,Chile,South America,19132514.0,2020-06-07,6,7,166756,1637,8.556115521462575,108150,56969,6405,96
35852,Ecuador,South America,17668824.0,2020-06-07,6,7,43120,3621,20.493723860739117,21020,18479,392,13
35913,Mexico,North America,129066160.0,2020-06-07,6,7,117103,13699,10.613936294378016,83775,19629,3484,188
35956,Spain,Europe,46756648.0,2020-06-07,6,7,241550,27136,58.03666678586541,150376,64038,240,1
36024,Argentina,South America,45236884.0,2020-06-08,6,8,23620,693,1.5319357540187781,7305,15622,826,29
36065,Chile,South America,19132514.0,2020-06-08,6,8,171452,2264,11.833259340617756,112248,56940,4696,627
36113,Ecuador,South America,17668824.0,2020-06-08,6,8,43378,3642,20.61257727169618,21020,18716,258,21
36174,Mexico,North America,129066160.0,2020-06-08,6,8,120102,14053,10.888214230593054,87633,18416,2999,354
36217,Spain,Europe,46756648.0,2020-06-08,6,8,241717,27136,58.03666678586541,150376,64205,167,0
36285,Argentina,South America,45236884.0,2020-06-09,6,9,24761,717,1.5849898061060084,7568,16476,1141,24
36326,Chile,South America,19132514.0,2020-06-09,6,9,175365,2283,11.932566729077005,117361,55721,3913,19
36374,Ecuador,South America,17668824.0,2020-06-09,6,9,43917,3690,20.88424221102661,21020,19207,539,48
36435,Mexico,North America,129066160.0,2020-06-09,6,9,124301,14649,11.3499929028647,90748,18904,4199,596
36478,Spain,Europe,46756648.0,2020-06-09,6,9,241966,27136,58.03666678586541,150376,64454,249,0
36546,Argentina,South America,45236884.0,2020-06-10,6,10,25987,735,1.6247803451714313,7991,17261,1226,18
36587,Chile,South America,19132514.0,2020-06-10,6,10,181062,2475,12.936094022980983,121780,56807,5697,192
36635,Ecuador,South America,17668824.0,2020-06-10,6,10,44440,3720,21.054032798108125,21862,18858,523,30
36696,Mexico,North America,129066160.0,2020-06-10,6,10,129184,15357,11.89854877529478,93930,19897,4883,708
36739,Spain,Europe,46756648.0,2020-06-10,6,10,242280,27136,58.03666678586541,150376,64768,314,0
36807,Argentina,South America,45236884.0,2020-06-11,6,11,27373,765,1.6910979102804695,8332,18276,1386,30
36848,Chile,South America,19132514.0,2020-06-11,6,11,186698,2648,13.840313928425717,126444,57606,5636,173
36896,Ecuador,South America,17668824.0,2020-06-11,6,11,44440,3720,21.054032798108125,21862,18858,0,0
36957,Mexico,North America,129066160.0,2020-06-11,6,11,133974,15944,12.353354279696552,97198,20832,4790,587
37000,Spain,Europe,46756648.0,2020-06-11,6,11,242707,27136,58.03666678586541,150376,65195,427,0
37068,Argentina,South America,45236884.0,2020-06-12,6,12,28764,785,1.7353096203531613,8743,19236,1391,20
37109,Chile,South America,19132514.0,2020-06-12,6,12,193452,2870,15.000642362002193,131358,59224,6754,222
37157,Ecuador,South America,17668824.0,2020-06-12,6,12,45778,3828,21.665278911601586,22679,19271,1338,108
37218,Mexico,North America,129066160.0,2020-06-12,6,12,139196,16448,12.743851680409488,100876,21872,5222,504
37261,Spain,Europe,46756648.0,2020-06-12,6,12,243209,27136,58.03666678586541,150376,65697,502,0
37329,Argentina,South America,45236884.0,2020-06-13,6,13,30295,815,1.8016271854621992,9083,20397,1531,30
37370,Chile,South America,19132514.0,2020-06-13,6,13,201634,3101,16.20801113748042,137296,61237,8182,231
37418,Ecuador,South America,17668824.0,2020-06-13,6,13,46356,3874,21.925624478459913,22865,19617,578,46
37479,Mexico,North America,129066160.0,2020-06-13,6,13,142690,16872,13.072365366723549,104078,21740,3494,424
37522,Spain,Europe,46756648.0,2020-06-13,6,13,243605,27136,58.03666678586541,150376,66093,396,0
37590,Argentina,South America,45236884.0,2020-06-14,6,14,31577,833,1.8414177245276222,9564,21180,1282,18
37631,Chile,South America,19132514.0,2020-06-14,6,14,208572,3323,17.368339571056893,143704,61545,6938,222
37679,Ecuador,South America,17668824.0,2020-06-14,6,14,46751,3896,22.050137575653025,23064,19791,395,22
37740,Mexico,North America,129066160.0,2020-06-14,6,14,146837,17141,13.280785606389777,107298,22398,4147,269
37783,Spain,Europe,46756648.0,2020-06-14,6,14,243928,27136,58.03666678586541,150376,66416,323,0
37851,Argentina,South America,45236884.0,2020-06-15,6,15,32785,854,1.8878400201039487,9891,22040,1208,21
37892,Chile,South America,19132514.0,2020-06-15,6,15,213715,3362,17.57218105263114,148792,61561,5143,39
37940,Ecuador,South America,17668824.0,2020-06-15,6,15,47322,3929,22.236907221442696,23349,20044,571,33
38001,Mexico,North America,129066160.0,2020-06-15,6,15,150264,17580,13.620921239153626,112292,20392,3427,439
38044,Spain,Europe,46756648.0,2020-06-15,6,15,244109,27136,58.03666678586541,150376,66597,181,0
38112,Argentina,South America,45236884.0,2020-06-16,6,16,34159,878,1.9408940721911792,10174,23107,1374,24
38153,Chile,South America,19132514.0,2020-06-16,6,16,218728,3383,17.681941850401888,156232,59113,5013,21
38201,Ecuador,South America,17668824.0,2020-06-16,6,16,47943,3970,22.46895435712077,23684,20289,621,41
38262,Mexico,North America,129066160.0,2020-06-16,6,16,154863,18310,14.186522633043394,115394,21159,4599,730
38305,Spain,Europe,46756648.0,2020-06-16,6,16,244328,27136,58.03666678586541,150376,66816,219,0
38373,Argentina,South America,45236884.0,2020-06-17,6,17,35552,913,2.01826456481839,10512,24127,1393,35
38414,Chile,South America,19132514.0,2020-06-17,6,17,220628,3615,18.89453733053586,181931,35082,1900,232
38462,Ecuador,South America,17668824.0,2020-06-17,6,17,48490,4007,22.678362747854642,23881,20602,547,37
38523,Mexico,North America,129066160.0,2020-06-17,6,17,159793,19080,14.783115884132604,118504,22209,4930,770
38566,Spain,Europe,46756648.0,2020-06-17,6,17,244683,27136,58.03666678586541,150376,67171,355,0
38634,Argentina,South America,45236884.0,2020-06-18,6,18,37510,948,2.0956350574456013,10721,25841,1958,35
38675,Chile,South America,19132514.0,2020-06-18,6,18,225103,3841,20.07577258273534,186441,34821,4475,226
38723,Ecuador,South America,17668824.0,2020-06-18,6,18,49097,4087,23.131137646738686,24123,20887,607,80
38784,Mexico,North America,129066160.0,2020-06-18,6,18,165455,19747,15.299905102933256,122180,23528,5662,667
38827,Spain,Europe,46756648.0,2020-06-18,6,18,245268,27136,58.03666678586541,150376,67756,585,0
38895,Argentina,South America,45236884.0,2020-06-19,6,19,39570,979,2.1641632080582736,11851,26740,2060,31
38936,Chile,South America,19132514.0,2020-06-19,6,19,231393,4093,21.39290215598431,191491,35809,6290,252
38984,Ecuador,South America,17668824.0,2020-06-19,6,19,49731,4156,23.521655997026173,24446,21129,634,69
39045,Mexico,North America,129066160.0,2020-06-19,6,19,170485,20394,15.801198393134186,126438,23653,5030,647
39088,Spain,Europe,46756648.0,2020-06-19,6,19,245575,28315,60.558233344699985,150376,66884,307,1179
39156,Argentina,South America,45236884.0,2020-06-20,6,20,41204,992,2.1929008196055237,12206,28006,1634,13
39197,Chile,South America,19132514.0,2020-06-20,6,20,236748,4295,22.448696496445788,196609,35844,5355,202
39245,Ecuador,South America,17668824.0,2020-06-20,6,20,49731,4156,23.521655997026173,24446,21129,0,0
39306,Mexico,North America,129066160.0,2020-06-20,6,20,175202,20781,16.101044611538764,130854,23567,4717,387
39349,Spain,Europe,46756648.0,2020-06-20,6,20,245938,28322,60.573204477788906,150376,67240,363,7
39417,Argentina,South America,45236884.0,2020-06-21,6,21,42785,1011,2.234901944174581,12728,29046,1581,19
39458,Chile,South America,19132514.0,2020-06-21,6,21,242355,4479,23.41041015310377,200569,37307,5607,184
39506,Ecuador,South America,17668824.0,2020-06-21,6,21,50640,4223,23.90085497484156,24991,21426,909,67
39567,Mexico,North America,129066160.0,2020-06-21,6,21,180545,21825,16.909932084444133,134495,24225,5343,1044
39610,Spain,Europe,46756648.0,2020-06-21,6,21,246272,28323,60.575343211087336,150376,67573,334,1
39678,Argentina,South America,45236884.0,2020-06-22,6,22,44931,1043,2.305640680290888,13153,30735,2146,32
39719,Chile,South America,19132514.0,2020-06-22,6,22,246963,4502,23.530624360186017,205397,37064,4608,23
39767,Ecuador,South America,17668824.0,2020-06-22,6,22,50640,4223,23.90085497484156,24991,21426,0,0
39828,Mexico,North America,129066160.0,2020-06-22,6,22,185122,22584,17.498002574803497,139383,23155,4577,759
39871,Spain,Europe,46756648.0,2020-06-22,6,22,246504,28324,60.57748194438575,150376,67804,232,1
39939,Argentina,South America,45236884.0,2020-06-23,6,23,47203,1078,2.383011172918099,13576,32549,2272,35
39980,Chile,South America,19132514.0,2020-06-23,6,23,250767,4505,23.546304474153267,210570,35692,3804,3
40028,Ecuador,South America,17668824.0,2020-06-23,6,23,51643,4274,24.18949897288014,24991,22378,1003,51
40089,Mexico,North America,129066160.0,2020-06-23,6,23,191410,23377,18.112416143782383,143646,24387,6288,793
40132,Spain,Europe,46756648.0,2020-06-23,6,23,246752,28325,60.57962067768417,150376,68051,248,1
40200,Argentina,South America,45236884.0,2020-06-24,6,24,49851,1116,2.467013422056214,13816,34919,2648,38
40241,Chile,South America,19132514.0,2020-06-24,6,24,254416,4731,24.727539726352738,215093,34592,3649,226
40289,Ecuador,South America,17668824.0,2020-06-24,6,24,51643,4274,24.18949897288014,24991,22378,0,0
40350,Mexico,North America,129066160.0,2020-06-24,6,24,196847,24324,18.84614836297911,148487,24036,5437,947
40393,Spain,Europe,46756648.0,2020-06-24,6,24,247086,28327,60.583898144281,150376,68383,334,2
40461,Argentina,South America,45236884.0,2020-06-25,6,25,52457,1150,2.5421733291797906,14788,36519,2606,34
40502,Chile,South America,19132514.0,2020-06-25,6,25,259064,4903,25.626532927141724,219327,34834,4648,172
40550,Ecuador,South America,17668824.0,2020-06-25,6,25,53156,4343,24.58001732316763,26097,22716,1513,69
40611,Mexico,North America,129066160.0,2020-06-25,6,25,202951,25060,19.416398535448796,152362,25529,6104,736
40654,Spain,Europe,46756648.0,2020-06-25,6,25,247486,28330,60.59031434417626,150376,68780,400,3
40722,Argentina,South America,45236884.0,2020-06-26,6,26,55343,1184,2.617333236303367,18416,35743,2886,34
40763,Chile,South America,19132514.0,2020-06-26,6,26,263360,5068,26.488939195340457,223431,34861,4296,165
40811,Ecuador,South America,17668824.0,2020-06-26,6,26,53856,4406,24.93657755603882,26493,22957,700,63
40872,Mexico,North America,129066160.0,2020-06-26,6,26,208392,25779,19.97347716860872,156827,25786,5441,719
40915,Spain,Europe,46756648.0,2020-06-26,6,26,247905,28338,60.60742421056359,150376,69191,419,8
40983,Argentina,South America,45236884.0,2020-06-27,6,27,57744,1207,2.6681767028869627,19143,37394,2401,23
41024,Chile,South America,19132514.0,2020-06-27,6,27,267766,5347,27.947189794294676,228055,34364,4406,279
41072,Ecuador,South America,17668824.0,2020-06-27,6,27,54574,4424,25.03845190828773,26920,23230,718,18
41133,Mexico,North America,129066160.0,2020-06-27,6,27,212802,26381,20.439904619460282,160721,25700,4410,602
41176,Spain,Europe,46756648.0,2020-06-27,6,27,248469,28341,60.613840410458856,150376,69752,564,3
41244,Argentina,South America,45236884.0,2020-06-28,6,28,59933,1232,2.723441340477828,20134,38567,2189,25
41285,Chile,South America,19132514.0,2020-06-28,6,28,271982,5509,28.79391594852616,232210,34263,4216,162
41333,Ecuador,South America,17668824.0,2020-06-28,6,28,55255,4429,25.066750339467983,27058,23768,681,5
41394,Mexico,North America,129066160.0,2020-06-28,6,28,216852,26648,20.64677526626654,164646,25558,4050,267
41437,Spain,Europe,46756648.0,2020-06-28,6,28,248770,28343,60.61811787705569,150376,70051,301,2
41505,Argentina,South America,45236884.0,2020-06-29,6,29,62268,1280,2.8295494446522884,21138,39850,2335,48
41546,Chile,South America,19132514.0,2020-06-29,6,29,275999,5575,29.13887845580565,236154,34270,4017,66
41594,Ecuador,South America,17668824.0,2020-06-29,6,29,55665,4502,25.479907434699673,27430,23733,410,73
41655,Mexico,North America,129066160.0,2020-06-29,6,29,220657,27121,21.013253977649914,170147,23389,3805,473
41698,Spain,Europe,46756648.0,2020-06-29,6,29,248970,28346,60.624534076950944,150376,70248,200,3
41766,Argentina,South America,45236884.0,2020-06-30,6,30,64530,1307,2.8892352532504226,22028,41195,2262,27
41807,Chile,South America,19132514.0,2020-06-30,6,30,279393,5688,29.729496081905392,241229,32476,3394,113
41855,Ecuador,South America,17668824.0,2020-06-30,6,30,56432,4527,25.621399590600937,27594,24311,767,25
41916,Mexico,North America,129066160.0,2020-06-30,6,30,226089,27769,21.51532206428083,174538,23782,5432,648
41959,Spain,Europe,46756648.0,2020-06-30,6,30,249271,28355,60.6437826766367,150376,70540,301,9
42027,Argentina,South America,45236884.0,2020-07-01,7,1,67197,1351,2.986501015410345,23040,42806,2667,44
42068,Chile,South America,19132514.0,2020-07-01,7,1,282043,5753,30.069231884529135,245443,30847,2650,65
42116,Ecuador,South America,17668824.0,2020-07-01,7,1,58257,4576,25.898724216167412,27887,25794,1825,49
42177,Mexico,North America,129066160.0,2020-07-01,7,1,231770,28510,22.089446218900445,178526,24734,5681,741
42220,Spain,Europe,46756648.0,2020-07-01,7,1,249659,28364,60.663031276322464,150376,70919,388,9
42288,Argentina,South America,45236884.0,2020-07-02,7,2,69941,1385,3.0616609225339215,24186,44370,2744,34
42329,Chile,South America,19132514.0,2020-07-02,7,2,284541,5920,30.942091562039366,249247,29374,2498,167
42377,Ecuador,South America,17668824.0,2020-07-02,7,2,59468,4639,26.2552844490386,28032,26797,1211,63
42438,Mexico,North America,129066160.0,2020-07-02,7,2,238511,29189,22.61553299486093,183757,25565,6741,679
42481,Spain,Europe,46756648.0,2020-07-02,7,2,250103,28368,60.67158620951613,150376,71359,444,4
42549,Argentina,South America,45236884.0,2020-07-03,7,3,72786,1437,3.176611368722921,25224,46125,2845,52
42590,Chile,South America,19132514.0,2020-07-03,7,3,288089,6051,31.6267898719426,253343,28695,3548,131
42638,Ecuador,South America,17668824.0,2020-07-03,7,3,60657,4700,26.60052530943769,28391,27566,1189,61
42699,Mexico,North America,129066160.0,2020-07-03,7,3,245251,29843,23.122249860071765,189345,26063,6740,654
42742,Spain,Europe,46756648.0,2020-07-03,7,3,250545,28385,60.70794467558923,150376,71784,442,17
42810,Argentina,South America,45236884.0,2020-07-04,7,4,75376,1481,3.2738771308828434,25930,47965,2590,44
42851,Chile,South America,19132514.0,2020-07-04,7,4,291847,6192,32.363755228403335,257451,28204,3758,141
42899,Ecuador,South America,17668824.0,2020-07-04,7,4,61535,4769,26.99104365972517,28507,28259,878,69
42960,Mexico,North America,129066160.0,2020-07-04,7,4,252165,30366,23.527468392954436,195724,26075,6914,523
43003,Spain,Europe,46756648.0,2020-07-04,7,4,250545,28385,60.70794467558923,150376,71784,0,0
43071,Argentina,South America,45236884.0,2020-07-05,7,5,77815,1507,3.331352353977343,27597,48711,2439,26
43112,Chile,South America,19132514.0,2020-07-05,7,5,295532,6308,32.97005296847032,261039,28185,3685,116
43160,Ecuador,South America,17668824.0,2020-07-05,7,5,61958,4781,27.05895989455778,28722,28455,423,12
43221,Mexico,North America,129066160.0,2020-07-05,7,5,256848,30639,23.738987818340608,199914,26295,4683,273
43264,Spain,Europe,46756648.0,2020-07-05,7,5,250545,28385,60.70794467558923,150376,71784,0,0
43332,Argentina,South America,45236884.0,2020-07-06,7,6,80447,1582,3.497146266749938,28531,50334,2632,75
43373,Chile,South America,19132514.0,2020-07-06,7,6,298557,6384,33.36728252230731,264378,27795,3025,76
43421,Ecuador,South America,17668824.0,2020-07-06,7,6,62380,4821,27.285347343999803,28872,28687,422,40
43482,Mexico,North America,129066160.0,2020-07-06,7,6,261750,31119,24.110890104733883,204826,25805,4902,480
43525,Spain,Europe,46756648.0,2020-07-06,7,6,251789,28388,60.71436087548449,150376,73025,1244,3
43593,Argentina,South America,45236884.0,2020-07-07,7,7,83426,1644,3.634202567975283,30095,51687,2979,62
43634,Chile,South America,19132514.0,2020-07-07,7,7,301019,6434,33.62861775509481,268251,26334,2462,50
43682,Ecuador,South America,17668824.0,2020-07-07,7,7,63245,4873,27.579651028274437,29071,29301,865,52
43743,Mexico,North America,129066160.0,2020-07-07,7,7,268008,32014,24.80433290957134,209437,26557,6258,895
43786,Spain,Europe,46756648.0,2020-07-07,7,7,252130,28392,60.72291580867815,150376,73362,341,4
43854,Argentina,South America,45236884.0,2020-07-08,7,8,87030,1694,3.744731843157013,36502,48834,3604,50
43895,Chile,South America,19132514.0,2020-07-08,7,8,303083,6573,34.35512970224404,271741,24769,2064,139
43943,Ecuador,South America,17668824.0,2020-07-08,7,8,63245,4873,27.579651028274437,29071,29301,0,0
44004,Mexico,North America,129066160.0,2020-07-08,7,8,275003,32796,25.41022371782038,214316,27891,6995,782
44047,Spain,Europe,46756648.0,2020-07-08,7,8,252513,28396,60.73147074187183,150376,73741,383,4
44115,Argentina,South America,45236884.0,2020-07-09,7,9,90693,1720,3.802207066251513,38313,50660,3663,26
44156,Chile,South America,19132514.0,2020-07-09,7,9,306216,6682,34.92484050972078,274922,24612,3133,109
44204,Ecuador,South America,17668824.0,2020-07-09,7,9,64221,4900,27.732462556647796,29184,30137,976,27
44265,Mexico,North America,129066160.0,2020-07-09,7,9,282283,33526,25.975825111710147,219628,29129,7280,730
44308,Spain,Europe,46756648.0,2020-07-09,7,9,253056,28401,60.74216440836392,150376,74279,543,5
44376,Argentina,South America,45236884.0,2020-07-10,7,10,94060,1774,3.9215786834477813,38984,53302,3367,54
44417,Chile,South America,19132514.0,2020-07-10,7,10,309274,6781,35.44228427064002,278053,24440,3058,99
44465,Ecuador,South America,17668824.0,2020-07-10,7,10,65018,4939,27.953190319853775,29577,30502,797,39
44526,Mexico,North America,129066160.0,2020-07-10,7,10,289174,34191,26.491064737650827,225356,29627,6891,665
44569,Spain,Europe,46756648.0,2020-07-10,7,10,253908,28403,60.74644187496075,150376,75129,852,2
44637,Argentina,South America,45236884.0,2020-07-11,7,11,97509,1810,4.001159761578627,41408,54291,3449,36
44678,Chile,South America,19132514.0,2020-07-11,7,11,312029,6881,35.96495473621501,281114,24034,2755,100
44726,Ecuador,South America,17668824.0,2020-07-11,7,11,67209,5031,28.47388145357042,30107,32071,2191,92
44787,Mexico,North America,129066160.0,2020-07-11,7,11,295268,34730,26.908680013413274,229856,30682,6094,539
44830,Spain,Europe,46756648.0,2020-07-11,7,11,253908,28403,60.74644187496075,150376,75129,0,0
44898,Argentina,South America,45236884.0,2020-07-12,7,12,100166,1845,4.0785302542058375,42694,55627,2657,35
44939,Chile,South America,19132514.0,2020-07-12,7,12,315041,6979,36.4771717924785,283902,24160,3012,98
44987,Ecuador,South America,17668824.0,2020-07-12,7,12,67870,5047,28.564436433347236,30283,32540,661,16
45048,Mexico,North America,129066160.0,2020-07-12,7,12,299750,35006,27.12252382808941,234905,29839,4482,276
45091,Spain,Europe,46756648.0,2020-07-12,7,12,253908,28403,60.74644187496075,150376,75129,0,0
45159,Argentina,South America,45236884.0,2020-07-13,7,13,103265,1903,4.206744213416645,44173,57189,3099,58
45200,Chile,South America,19132514.0,2020-07-13,7,13,317657,7024,36.712373501987244,286556,24077,2616,45
45248,Ecuador,South America,17668824.0,2020-07-13,7,13,68459,5063,28.65499141312404,30369,33027,589,16
45309,Mexico,North America,129066160.0,2020-07-13,7,13,304435,35491,27.49830009663261,240101,28843,4685,485
45352,Spain,Europe,46756648.0,2020-07-13,7,13,255953,28406,60.752858074856015,150376,77171,2045,3
45420,Argentina,South America,45236884.0,2020-07-14,7,14,106910,1968,4.3504322711528935,45467,59475,3645,65
45461,Chile,South America,19132514.0,2020-07-14,7,14,319493,7069,36.94757521149599,289220,23204,1836,45
45509,Ecuador,South America,17668824.0,2020-07-14,7,14,69570,5130,29.034190390939433,30484,33956,1111,67
45570,Mexico,North America,129066160.0,2020-07-14,7,14,311486,36327,28.146029912100893,245830,29329,7051,836
45613,Spain,Europe,46756648.0,2020-07-14,7,14,256619,28409,60.759274274751256,150376,77834,666,3
45681,Argentina,South America,45236884.0,2020-07-15,7,15,111146,2050,4.531700282450931,47298,61798,4236,82
45722,Chile,South America,19132514.0,2020-07-15,7,15,321205,7186,37.55909965621873,292085,21934,1712,117
45770,Ecuador,South America,17668824.0,2020-07-15,7,15,70329,5158,29.19266160554885,30641,34530,759,28
45831,Mexico,North America,129066160.0,2020-07-15,7,15,317635,36906,28.59463704506278,252368,28361,6149,579
45874,Spain,Europe,46756648.0,2020-07-15,7,15,257494,28413,60.767829207944935,150376,78705,875,4
45942,Argentina,South America,45236884.0,2020-07-16,7,16,114783,2112,4.668756583676276,49120,63551,3637,62
45983,Chile,South America,19132514.0,2020-07-16,7,16,323698,7290,38.10267694041672,295301,21107,2493,104
46031,Ecuador,South America,17668824.0,2020-07-16,7,16,71365,5207,29.469986231115325,31260,34898,1036,49
46092,Mexico,North America,129066160.0,2020-07-16,7,16,324041,37574,29.112201060293415,257681,28786,6406,668
46135,Spain,Europe,46756648.0,2020-07-16,7,16,258855,28416,60.77424540784018,150376,80063,1361,3
46203,Argentina,South America,45236884.0,2020-07-17,7,17,119301,2178,4.81465522691616,49780,67343,4518,66
46244,Chile,South America,19132514.0,2020-07-17,7,17,326439,8347,43.627303761544354,296814,21278,2741,1057
46292,Ecuador,South America,17668824.0,2020-07-17,7,17,72444,5250,29.7133527392655,31404,35790,1079,43
46353,Mexico,North America,129066160.0,2020-07-17,7,17,331298,38310,29.682451232763107,264202,28786,7257,736
46396,Spain,Europe,46756648.0,2020-07-17,7,17,260255,28420,60.782800341033855,150376,81459,1400,4
46464,Argentina,South America,45236884.0,2020-07-18,7,18,122524,2220,4.907499818068813,52607,67697,3223,42
46505,Chile,South America,19132514.0,2020-07-18,7,18,328846,8445,44.13952081780784,299449,20952,2407,98
46553,Ecuador,South America,17668824.0,2020-07-18,7,18,73382,5282,29.89446269881912,31757,36343,938,32
46614,Mexico,North America,129066160.0,2020-07-18,7,18,338913,38888,30.130283569295006,271239,28786,7615,578
46657,Spain,Europe,46756648.0,2020-07-18,7,18,260255,28420,60.782800341033855,150376,81459,0,0
46725,Argentina,South America,45236884.0,2020-07-19,7,19,126755,2260,4.995923238214197,54105,70390,4231,40
46766,Chile,South America,19132514.0,2020-07-19,7,19,330930,8503,44.44266968784134,301794,20633,2084,58
46814,Ecuador,South America,17668824.0,2020-07-19,7,19,74013,5313,30.069912972136688,31901,36799,631,31
46875,Mexico,North America,129066160.0,2020-07-19,7,19,344224,39184,30.359623312570857,254941,50099,5311,296
46918,Spain,Europe,46756648.0,2020-07-19,7,19,260255,28420,60.782800341033855,150376,81459,0,0
46986,Argentina,South America,45236884.0,2020-07-20,7,20,130774,2373,5.245719400124907,55913,72488,4019,113
47027,Chile,South America,19132514.0,2020-07-20,7,20,333029,8633,45.12214129308882,303992,20404,2099,130
47075,Ecuador,South America,17668824.0,2020-07-20,7,20,74620,5318,30.098211403316938,31955,37347,607,5
47136,Mexico,North America,129066160.0,2020-07-20,7,20,349396,39485,30.592837037996635,263091,46820,5172,301
47179,Spain,Europe,46756648.0,2020-07-20,7,20,264836,28422,60.78707780763069,150376,86038,4581,2
47247,Argentina,South America,45236884.0,2020-07-21,7,21,136118,2490,5.504357904050155,58598,75030,5344,117
47288,Chile,South America,19132514.0,2020-07-21,7,21,334683,8677,45.35211629794182,306816,19190,1654,44
47336,Ecuador,South America,17668824.0,2020-07-21,7,21,76217,5366,30.369876342647366,32725,38126,1597,48
47397,Mexico,North America,129066160.0,2020-07-21,7,21,356255,40400,31.30177577143381,267407,48448,6859,915
47440,Spain,Europe,46756648.0,2020-07-21,7,21,266194,28424,60.791355274227534,150376,87394,1358,2
47508,Argentina,South America,45236884.0,2020-07-22,7,22,141900,2588,5.720995283406346,60531,78781,5782,98
47549,Chile,South America,19132514.0,2020-07-22,7,22,336402,8722,45.58731800745056,309241,18439,1719,45
47597,Ecuador,South America,17668824.0,2020-07-22,7,22,77257,5418,30.664180026921994,33125,38714,1040,52
47658,Mexico,North America,129066160.0,2020-07-22,7,22,362274,41190,31.91386495112274,270147,50937,6019,790
47701,Spain,Europe,46756648.0,2020-07-22,7,22,267551,28426,60.79563274082436,150376,88749,1357,2
47769,Argentina,South America,45236884.0,2020-07-23,7,23,148027,2702,5.97300203082069,62815,82510,6127,114
47810,Chile,South America,19132514.0,2020-07-23,7,23,338759,8838,46.19361574751755,311431,18490,2357,116
47858,Ecuador,South America,17668824.0,2020-07-23,7,23,78148,5439,30.78303343787906,33455,39254,891,21
47919,Mexico,North America,129066160.0,2020-07-23,7,23,370712,41908,32.47016878785268,275454,53350,8438,718
47962,Spain,Europe,46756648.0,2020-07-23,7,23,270166,28429,60.80204894071962,150376,91361,2615,3
48030,Argentina,South America,45236884.0,2020-07-24,7,24,153520,2807,6.205113508702324,65447,85266,5493,105
48071,Chile,South America,19132514.0,2020-07-24,7,24,341304,8914,46.59084530135454,313696,18694,2545,76
48119,Ecuador,South America,17668824.0,2020-07-24,7,24,79049,5468,30.947164338724523,34544,39037,901,29
48180,Mexico,North America,129066160.0,2020-07-24,7,24,378285,42645,33.04119375675235,283382,52258,7573,737
48223,Spain,Europe,46756648.0,2020-07-24,7,24,272421,28432,60.80846514061487,150376,93613,2255,3
48291,Argentina,South America,45236884.0,2020-07-25,7,25,158334,2893,6.395223862014899,68022,87419,4814,86
48332,Chile,South America,19132514.0,2020-07-25,7,25,343592,9020,47.14487599486403,316169,18403,2288,106
48380,Ecuador,South America,17668824.0,2020-07-25,7,25,80036,5507,31.167892101930494,34544,39985,987,39
48441,Mexico,North America,129066160.0,2020-07-25,7,25,385036,42645,33.04119375675235,288819,53572,6751,0
48484,Spain,Europe,46756648.0,2020-07-25,7,25,272421,28432,60.80846514061487,150376,93613,0,0
48552,Argentina,South America,45236884.0,2020-07-26,7,26,162526,2939,6.4969107951820915,70518,89069,4192,46
48593,Chile,South America,19132514.0,2020-07-26,7,26,345790,9112,47.62573282319302,318095,18583,2198,92
48641,Ecuador,South America,17668824.0,2020-07-26,7,26,80694,5515,31.2131695918189,34896,40283,658,8
48702,Mexico,North America,129066160.0,2020-07-26,7,26,390516,43680,33.843108061787845,295222,51614,5480,1035
48745,Spain,Europe,46756648.0,2020-07-26,7,26,272421,28432,60.80846514061487,150376,93613,0,0
48813,Argentina,South America,45236884.0,2020-07-27,7,27,167416,3059,6.762181055618243,72575,91782,4890,120
48854,Chile,South America,19132514.0,2020-07-27,7,27,347923,9187,48.017735672374265,319954,18782,2133,75
48902,Ecuador,South America,17668824.0,2020-07-27,7,27,81161,5532,31.309384257831763,34896,40733,467,17
48963,Mexico,North America,129066160.0,2020-07-27,7,27,395489,44022,34.10808844084305,303810,47657,4973,342
49006,Spain,Europe,46756648.0,2020-07-27,7,27,272421,28432,60.80846514061487,150376,93613,0,0
